Timestamp,Temperature
1551369786.286,21.67
1551370364.088,21.67
1551370944.241,21.67
1551371523.932,21.66
1551372103.704,21.65
1551372683.615,21.63
1551373263.093,21.61
1551373842.982,21.59
1551374422.836,21.59
1551375002.606,21.59
1551375582.234,21.58
1551376161.837,21.58
1551376741.754,21.59
1551377321.505,21.6
1551377901.515,21.6
1551378481.482,21.6
1551379061.602,21.59
1551379641.595,21.59
1551380221.57,21.58
1551380801.333,21.58
1551381381.391,21.57
1551381961.29,21.59
1551382541.279,21.6
1551383120.947,21.59
1551383700.4,21.56
1551384280.368,21.56
1551384860.281,21.55
1551385439.953,21.55
1551386019.722,21.53
1551386599.769,21.53
1551387179.801,21.53
1551387759.679,21.52
1551388339.794,21.53
1551388919.861,21.52
1551389499.553,21.52
1551390079.368,21.51
1551390659.52,21.51
1551391239.522,21.5
1551391819.74,21.49
1551392399.635,21.5
1551392979.479,21.5
1551393559.308,21.5
1551394139.471,21.49
1551394719.574,21.47
1551395299.689,21.45
1551395879.283,21.43
1551396459.267,21.42
1551397039.001,21.41
1551397619.01,21.41
1551398199.072,21.4
1551398778.983,21.39
1551399358.914,21.39
1551399938.98,21.39
1551400518.725,21.4
1551401098.463,21.41
1551401677.991,21.46
1551402257.421,21.45
1551402836.939,21.4
1551403416.823,21.38
1551403996.682,21.36
1551404576.378,21.36
1551405156.192,21.36
1551405735.907,21.37
1551406315.887,21.38
1551406896.057,21.38
1551407475.755,21.4
1551408055.799,21.4
1551408635.566,21.42
1551409215.43,21.44
1551409795.966,21.46
1551410375.831,21.48
1551410955.629,21.51
1551411535.763,21.52
1551412115.858,21.54
1551412695.867,21.56
1551413275.909,21.59
1551413855.865,21.62
1551414436.074,21.64
1551415015.914,21.67
1551415595.858,21.69
1551416175.603,21.72
1551416755.732,21.75
1551417335.977,21.79
1551417915.923,21.82
1551418496.062,21.86
1551419075.778,21.89
1551419655.509,21.92
1551420235.57,21.96
1551420815.069,21.99
1551421395.263,22.04
1551421975.186,22.07
1551422555.139,22.13
1551423134.86,22.16
1551423714.569,22.2
1551424294.295,22.24
1551424874.432,22.27
1551425454.571,22.31
1551426034.636,22.35
1551426614.953,22.39
1551427195.065,22.43
1551427774.905,22.46
1551428354.995,22.5
1551428934.63,22.53
1551429514.708,22.56
1551430094.723,22.59
1551430674.768,22.62
1551431254.833,22.65
1551431834.913,22.68
1551432414.877,22.71
1551432995.123,22.74
1551433575.013,22.76
1551434154.776,22.79
1551434734.918,22.82
1551435314.916,22.83
1551435894.963,22.84
1551436475.133,22.87
1551437055.543,22.89
1551437635.981,22.9
1551438216.174,22.91
1551438796.519,22.92
1551439376.822,22.94
1551439956.898,22.94
1551440537.041,22.91
1551441116.598,22.76
1551441696.544,22.67
1551442276.389,22.6
1551442856.208,22.55
1551443435.855,22.56
1551444015.6,22.58
1551444595.442,22.55
1551445175.138,22.48
1551445754.964,22.43
1551446335.278,22.45
1551446915.457,22.5
1551447495.133,22.52
1551448075.72,22.75
1551448655.847,22.9
1551449235.987,22.97
1551449816.066,23.01
1551450395.855,23.04
1551450976.167,23.08
1551451555.779,23.1
1551452135.559,23.09
1551452715.816,23.1
1551453295.645,23.09
1551453875.401,23.09
1551454455.401,23.09
1551455035.181,23.09
1551455615.148,23.1
1551456195.067,23.09
1551456775.204,23.09
1551457355.083,23.08
1551457934.828,23.09
1551458514.856,23.08
1551459094.647,23.07
1551459674.715,23.08
1551460254.832,23.06
1551460834.814,23.04
1551461414.339,23.03
1551461994.141,23.03
1551462574.277,23.03
1551463154.317,23.02
1551463734.149,23.04
1551464314.301,23.05
1551464893.997,23.04
1551465474.091,23.04
1551466053.983,23.02
1551466634.22,23.02
1551467214.28,23.01
1551467794.222,22.99
1551468374.337,22.99
1551468954.247,22.98
1551469534.147,22.97
1551470113.859,22.97
1551470693.932,22.96
1551471273.794,22.97
1551471853.578,22.97
1551472433.506,22.97
1551473013.329,22.97
1551473592.978,22.95
1551474172.906,22.95
1551474752.605,22.96
1551475332.808,22.96
1551475912.451,22.96
1551476492.09,22.95
1551477071.943,22.95
1551477652.123,22.93
1551478232.171,22.92
1551478811.807,22.91
1551479392.007,22.9
1551479971.747,22.89
1551480551.521,22.86
1551481131.579,22.86
1551481711.937,22.85
1551482291.789,22.84
1551482871.773,22.83
1551483451.507,22.82
1551484031.386,22.82
1551484611.325,22.82
1551485191.069,22.82
1551485771.434,22.81
1551486351.271,22.81
1551486931.315,22.8
1551487511.376,22.8
1551488091.305,22.79
1551488670.931,22.79
1551489250.948,22.68
1551489830.532,22.58
1551490410.127,22.49
1551490989.819,22.39
1551491569.578,22.31
1551492149.487,22.35
1551492729.664,22.48
1551493309.823,22.57
1551493889.912,22.62
1551494469.871,22.67
1551495049.899,22.73
1551495630.094,22.76
1551496210.237,22.8
1551496790.453,22.83
1551497371.032,22.87
1551497951.626,22.9
1551498530.374,22.93
1551499110.478,22.97
1551499690.324,23
1551500270.175,23.04
1551500849.633,23.08
1551501429.762,23.11
1551502010.005,23.15
1551502590.084,23.18
1551503170.397,23.21
1551503750.294,23.25
1551504330.697,23.29
1551504909.844,23.32
1551505490.15,23.41
1551506070.201,23.49
1551506650.173,23.53
1551507229.966,23.56
1551507810.151,23.6
1551508390.23,23.62
1551508970.133,23.65
1551509549.885,23.67
1551510130.241,23.7
1551510710.355,23.72
1551511290.058,23.72
1551511870.165,23.71
1551512450.064,23.72
1551513029.844,23.68
1551513609.306,23.67
1551514189.509,23.73
1551514769.559,23.74
1551515350.033,23.76
1551515930.01,23.76
1551516510.05,23.78
1551517090.113,23.77
1551517670.234,23.78
1551518250.187,23.78
1551518830.135,23.8
1551519409.667,23.8
1551519989.761,23.8
1551520569.75,23.79
1551521149.706,23.81
1551521729.542,23.81
1551522309.591,23.81
1551522889.27,23.82
1551523469.093,23.84
1551524048.971,23.82
1551524628.93,23.82
1551525209.301,23.82
1551525789.14,23.82
1551526369.246,23.82
1551526948.995,23.83
1551527528.79,23.83
1551528108.36,23.82
1551528688.483,23.83
1551529268.417,23.83
1551529848.32,23.83
1551530428.49,23.83
1551531008.414,23.83
1551531587.795,23.83
1551532167.848,23.83
1551532747.443,23.83
1551533327.361,23.79
1551533906.938,23.76
1551534486.927,23.74
1551535066.652,23.72
1551535646.507,23.7
1551536226.492,23.69
1551536806.527,23.67
1551537386.691,23.73
1551537966.398,23.75
1551538546.094,23.73
1551539125.686,23.67
1551539705.728,23.61
1551540285.821,23.65
1551540865.526,23.66
1551541445.216,23.68
1551542025.178,23.67
1551542604.833,23.67
1551543184.91,23.66
1551543764.742,23.64
1551544344.319,23.65
1551544924.364,23.62
1551545503.892,23.56
1551546084.197,23.51
1551546664.291,23.47
1551547244.057,23.44
1551547823.984,23.42
1551548404.239,23.38
1551548984.39,23.35
1551549564.384,23.34
1551550144.231,23.32
1551550724.336,23.31
1551551304.229,23.29
1551551884.191,23.28
1551552464.125,23.26
1551553044.033,23.24
1551553623.904,23.24
1551554203.673,23.23
1551554783.804,23.21
1551555363.705,23.21
1551555943.534,23.19
1551556523.031,23.18
1551557103.162,23.17
1551557683.511,23.16
1551558263.219,23.15
1551558843.481,23.14
1551559423.534,23.13
1551560003.574,23.12
1551560583.589,23.11
1551561163.366,23.11
1551561742.823,23.08
1551562322.646,23.06
1551562902.586,23.03
1551563482.632,23
1551564062.587,22.98
1551564642.681,22.97
1551565222.8,22.94
1551565802.979,22.92
1551566382.975,22.89
1551566963.085,22.87
1551567543.082,22.84
1551568123.165,22.81
1551568703.165,22.79
1551569283.354,22.75
1551569863.392,22.72
1551570443.782,22.7
1551571023.547,22.67
1551571603.452,22.63
1551572183.558,22.62
1551572763.205,22.58
1551573343.218,22.56
1551573923.195,22.52
1551574503.218,22.51
1551575083.029,22.49
1551575662.987,22.46
1551576243.055,22.45
1551576822.722,22.42
1551577402.69,22.4
1551577982.598,22.38
1551578561.718,22.36
1551579141.678,22.35
1551579721.746,22.34
1551580301.732,22.36
1551580881.479,22.42
1551581461.222,22.42
1551582040.598,22.36
1551582620.599,22.42
1551583200.738,22.46
1551583780.602,22.47
1551584360.398,22.48
1551584940.314,22.5
1551585530.866,22.51
1551586100.914,22.54
1551586680.813,22.54
1551587260.954,22.55
1551587841.47,22.58
1551588420.4,22.6
1551589000.657,22.63
1551589580.398,22.65
1551590160.593,22.68
1551590750.571,22.71
1551591320.526,22.73
1551591900.493,22.71
1551592480.194,22.73
1551593060.064,22.76
1551593640.512,22.79
1551594219.262,22.83
1551594799.197,22.86
1551595379.153,22.9
1551595959.322,22.95
1551596539.468,23.02
1551597119.413,23.08
1551597699.613,23.13
1551598279.548,23.16
1551598859.017,23.17
1551599438.789,23.21
1551600018.495,23.26
1551600598.862,23.29
1551601178.817,23.32
1551601758.592,23.34
1551602338.702,23.37
1551602918.38,23.4
1551603498.17,23.43
1551604078.201,23.45
1551604657.998,23.49
1551605237.856,23.51
1551605818.068,23.53
1551606398.038,23.54
1551606978.156,23.57
1551607557.668,23.59
1551608137.954,23.64
1551608717.872,23.66
1551609297.82,23.66
1551609877.642,23.66
1551610457.343,23.66
1551611037.493,23.72
1551611617.457,23.72
1551612197.264,23.68
1551612777.176,23.69
1551613356.91,23.67
1551613936.965,23.66
1551614516.8,23.66
1551615096.554,23.65
1551615676.142,23.65
1551616256.066,23.61
1551616835.713,23.62
1551617415.8,23.63
1551617995.787,23.63
1551618575.728,23.62
1551619155.291,23.61
1551619735.163,23.61
1551620105.251,23.5
1551620679.295,23.55
1551621259.44,23.58
1551621839.358,23.59
1551622419.512,23.55
1551622999.567,23.58
1551623579.598,23.61
1551624159.478,23.56
1551624739.4,23.51
1551625319.073,23.47
1551625898.81,23.43
1551626478.857,23.41
1551627059.029,23.38
1551627638.927,23.36
1551628218.882,23.34
1551628799.062,23.31
1551629378.741,23.29
1551629958.37,23.27
1551630538.26,23.25
1551631118.298,23.23
1551631698.086,23.21
1551632277.976,23.19
1551632857.724,23.17
1551633437.317,23.15
1551634016.915,23.12
1551634597.049,23.08
1551635176.989,23.07
1551635756.964,23.03
1551636336.888,23.01
1551636916.742,22.98
1551637496.605,22.97
1551638076.339,22.95
1551638656.93,22.92
1551639235.539,22.91
1551639815.34,22.88
1551640395.506,22.86
1551640975.71,22.84
1551641555.579,22.81
1551642135.245,22.78
1551642715.487,22.75
1551643295.506,22.74
1551643875.228,22.71
1551644454.912,22.69
1551645034.87,22.66
1551645614.945,22.65
1551646195.09,22.62
1551646774.834,22.61
1551647354.684,22.58
1551647934.913,22.55
1551648514.577,22.52
1551649094.598,22.51
1551649674.423,22.49
1551650255.107,22.47
1551650834.775,22.44
1551651414.82,22.41
1551651994.359,22.37
1551652574.299,22.36
1551653153.948,22.33
1551653734.062,22.29
1551654313.701,22.26
1551654893.53,22.24
1551655473.707,22.22
1551656053.594,22.21
1551656633.608,22.18
1551657213.482,22.14
1551657793.484,22.13
1551658373.475,22.1
1551658953.05,22.07
1551659533.314,22.05
1551660113.208,22.03
1551660693.033,22.01
1551661272.717,22.01
1551661852.477,22
1551662432.395,22.04
1551663012.608,22.02
1551663592.168,22.01
1551664172.378,22.1
1551664752.339,22.12
1551665332.145,22.12
1551665912.183,22.15
1551666492.446,22.18
1551667072.168,22.07
1551667652.109,22.05
1551668231.858,22.05
1551668811.928,22.05
1551669391.621,22.06
1551669971.516,22.1
1551670551.172,22.14
1551671131.575,22.17
1551671711.328,22.22
1551672291.387,22.26
1551672871.303,22.3
1551673451.466,22.44
1551674031.513,22.51
1551674611.351,22.57
1551675191.471,22.62
1551675771.524,22.67
1551676351.55,22.71
1551676931.643,22.76
1551677511.339,22.81
1551678091.369,22.84
1551678671.254,22.89
1551679251.048,22.94
1551679831.216,22.98
1551680411.68,23.01
1551680991.571,23.04
1551681571.561,23.06
1551682151.904,23.1
1551682731.639,23.14
1551683311.568,23.18
1551683891.718,23.22
1551684472.005,23.26
1551685052.265,23.3
1551685632.499,23.34
1551686212.714,23.37
1551686792.732,23.42
1551687372.556,23.46
1551687952.655,23.5
1551688532.645,23.54
1551689112.7,23.58
1551689693.03,23.61
1551690273.105,23.65
1551690853.174,23.7
1551691433.18,23.75
1551692013.214,23.79
1551692593.377,23.82
1551693173.545,23.84
1551693754.051,23.87
1551694332.627,23.89
1551694913.021,23.92
1551695493.169,23.95
1551696073.526,23.97
1551696653.477,24
1551697233.423,24
1551697813.438,24.03
1551698393.422,24.05
1551698973.592,24.06
1551699554.262,24.07
1551700133.699,24.11
1551700713.418,24.1
1551701293.542,24.12
1551701873.317,24.13
1551702453.258,24.16
1551703032.918,24.16
1551703613.099,24.16
1551704193.331,24.16
1551704773.142,24.13
1551705353.091,24.11
1551705933.213,24.09
1551706513.128,24.08
1551707093.057,24.07
1551707672.96,24.11
1551708252.696,24.12
1551708832.815,24.11
1551709412.975,24.11
1551709993.033,24.12
1551710573.051,24.12
1551711153.002,24.13
1551711732.91,24
1551712312.598,24.02
1551712892.279,23.97
1551713472.352,23.99
1551714052.559,23.98
1551714632.414,23.96
1551715212.496,23.94
1551715792.025,23.92
1551716371.833,23.89
1551716951.579,23.87
1551717531.269,23.84
1551718111.143,23.83
1551718691.164,23.81
1551719270.57,23.79
1551719850.176,23.75
1551720430.062,23.74
1551721010.17,23.73
1551721590.212,23.72
1551722170.038,23.7
1551722750.081,23.68
1551723330.155,23.66
1551723910.099,23.63
1551724489.842,23.6
1551725069.824,23.6
1551725650.264,23.57
1551726230.364,23.54
1551726810.446,23.52
1551727390.397,23.53
1551727970.094,23.52
1551728550.013,23.49
1551729130.086,23.45
1551729710.128,23.43
1551730290.149,23.41
1551730869.557,23.39
1551731449.45,23.38
1551732029.202,23.35
1551732609.284,23.33
1551733189.343,23.31
1551733769.549,23.3
1551734349.756,23.28
1551734929.536,23.26
1551735509.756,23.25
1551736089.631,23.23
1551736669.73,23.21
1551737249.702,23.2
1551737829.519,23.19
1551738409.361,23.17
1551738989.196,23.15
1551739568.858,23.13
1551740148.73,23.12
1551740728.69,23.1
1551741308.442,23.08
1551741888.069,23.07
1551742467.865,23.04
1551743047.783,23.02
1551743627.875,23.01
1551744207.744,22.98
1551744787.776,22.97
1551745367.933,22.95
1551745947.861,22.93
1551746528.023,22.92
1551747107.857,22.91
1551747687.748,22.89
1551748267.582,22.88
1551748847.602,22.86
1551749427.589,22.86
1551750007.702,22.85
1551750587.616,22.84
1551751167.411,22.83
1551751747.506,22.81
1551752327.238,22.81
1551752907.22,22.8
1551753487.583,22.8
1551754067.784,22.81
1551754647.751,22.84
1551755227.92,22.89
1551755808.287,22.93
1551756387.901,22.95
1551756967.849,22.97
1551757548.093,22.98
1551758127.864,23.01
1551758707.575,23.02
1551759287.58,23.04
1551759867.627,23.04
1551760447.614,23.05
1551761027.778,23.08
1551761607.592,23.1
1551762187.442,23.11
1551762767.447,23.12
1551763347.555,23.13
1551763927.589,23.15
1551764507.537,23.17
1551765087.7,23.18
1551765667.231,23.17
1551766247.145,23.17
1551766827.127,23.17
1551767407.604,23.18
1551767987.703,23.2
1551768567.281,23.22
1551769147.462,23.21
1551769727.504,23.23
1551770307.185,23.23
1551770887.055,23.22
1551771466.792,23.21
1551772046.593,23.2
1551772626.631,23.2
1551773206.348,23.2
1551773785.955,23.2
1551774365.922,23.2
1551774946.104,23.2
1551775526.145,23.21
1551776105.857,23.21
1551776685.57,23.21
1551777265.503,23.21
1551777845.534,23.22
1551778425.676,23.23
1551779005.901,23.23
1551779585.525,23.23
1551780165.645,23.23
1551780745.847,23.25
1551781325.847,23.25
1551781906.043,23.27
1551782486.326,23.29
1551783066.251,23.32
1551783646.53,23.33
1551784226.483,23.33
1551784806.243,23.35
1551785385.917,23.36
1551785965.904,23.36
1551786545.662,23.37
1551787125.431,23.38
1551787705.343,23.39
1551788285.05,23.38
1551788865.122,23.38
1551789444.894,23.26
1551790024.505,23.16
1551790604.304,23.17
1551791183.944,23.12
1551791763.023,23.05
1551792342.747,22.97
1551792922.713,23.08
1551793502.443,23.17
1551794083.021,23.23
1551794661.713,23.26
1551795241.827,23.29
1551795821.797,23.31
1551796401.315,23.32
1551796981.694,23.32
1551797561.644,23.32
1551798141.529,23.33
1551798721.225,23.34
1551799300.907,23.34
1551799881.097,23.34
1551800460.76,23.35
1551801040.807,23.37
1551801620.724,23.39
1551802200.603,23.31
1551802780.116,23.27
1551803360.252,23.23
1551803940.199,23.21
1551804519.923,23.19
1551805099.921,23.18
1551805679.733,23.17
1551806259.758,23.15
1551806839.619,23.13
1551807419.78,23.13
1551807999.794,23.12
1551808579.707,23.1
1551809159.467,23.09
1551809739.117,23.08
1551810319.242,23.06
1551810899.431,23.03
1551811478.964,23.03
1551812059.223,23.02
1551812639.346,23.01
1551813219.294,23
1551813799.258,22.98
1551814379.194,22.96
1551814959.284,22.96
1551815538.94,22.95
1551816119.141,22.93
1551816699.125,22.92
1551817279.46,22.92
1551817859.49,22.9
1551818439.368,22.89
1551819019.359,22.87
1551819599.336,22.86
1551820179.657,22.84
1551820759.598,22.83
1551821339.699,22.81
1551821920.29,22.79
1551822500.234,22.77
1551823080.068,22.75
1551823660.165,22.73
1551824240.109,22.72
1551824820.016,22.71
1551825400.207,22.68
1551825979.667,22.68
1551826559.194,22.65
1551827139.608,22.63
1551827719.243,22.61
1551828298.889,22.59
1551828878.439,22.56
1551829458.457,22.54
1551830038.718,22.55
1551830618.582,22.53
1551831198.176,22.52
1551831778.164,22.5
1551832357.897,22.51
1551832937.908,22.55
1551833518.169,22.58
1551834098.2,22.59
1551834677.653,22.55
1551835257.253,22.49
1551835836.896,22.47
1551836416.704,22.45
1551836996.505,22.43
1551837576.17,22.42
1551838156.046,22.4
1551838736.138,22.4
1551839316.159,22.4
1551839896.028,22.38
1551840475.71,22.38
1551841055.612,22.37
1551841636.594,22.36
1551842214.117,22.37
1551842793.914,22.34
1551843373.695,22.34
1551843953.716,22.33
1551844533.46,22.32
1551845113.263,22.3
1551845693.037,22.29
1551846273.435,22.28
1551846852.977,22.28
1551847432.841,22.27
1551848012.939,22.26
1551848592.869,22.24
1551849172.964,22.25
1551849752.867,22.24
1551850332.575,22.23
1551850912.359,22.23
1551851492.15,22.22
1551852072.436,22.22
1551852652.443,22.21
1551853232.402,22.21
1551853812.611,22.2
1551854392.425,22.19
1551854972.35,22.19
1551855552.532,22.17
1551856132.479,22.17
1551856713.627,22.16
1551857291.244,22.16
1551857871.337,22.15
1551858451.201,22.14
1551859031.665,22.14
1551859611.717,22.12
1551860191.807,22.12
1551860771.486,22.11
1551861351.05,22.1
1551861930.859,22.09
1551862510.948,22.07
1551863090.733,22.03
1551863670.626,21.92
1551864249.877,21.79
1551864829.519,21.68
1551865409.767,21.61
1551865989.532,21.61
1551866569.14,21.57
1551867148.664,21.51
1551867728.63,21.42
1551868308.828,21.38
1551868888.771,21.38
1551869468.417,21.37
1551870048.392,21.3
1551870628.392,21.24
1551871208.473,21.21
1551871788.308,21.2
1551872368.081,21.2
1551872947.898,21.15
1551873527.391,21.08
1551874107.125,21.03
1551874687.313,21.04
1551875267.203,21.08
1551875846.798,21.05
1551876426.835,21.02
1551877006.864,20.98
1551877587.085,21.01
1551878167.148,21.12
1551878747.154,21.19
1551879326.722,21.23
1551879906.857,21.25
1551880486.577,21.27
1551881066.297,21.28
1551881646.331,21.33
1551882226.084,21.37
1551882805.698,21.37
1551883386.016,21.38
1551883965.788,21.39
1551884545.667,21.39
1551885125.852,21.37
1551885705.955,21.32
1551886285.592,21.33
1551886865.149,21.35
1551887445.462,21.36
1551888025.566,21.37
1551888605.737,21.37
1551889185.864,21.36
1551889765.405,21.38
1551890345.316,21.32
1551890924.934,21.28
1551891504.872,21.25
1551892084.457,21.22
1551892664.468,21.2
1551893244.251,21.18
1551893824.175,21.16
1551894404.219,21.13
1551894984.159,21.11
1551895563.925,21.1
1551896143.348,21.08
1551896723.315,21.07
1551897303.361,21.06
1551897882.978,21.04
1551898462.806,21.02
1551899042.821,21
1551899622.97,20.99
1551900202.874,20.98
1551900782.946,20.96
1551901362.463,20.94
1551901942.4,20.94
1551902522.647,20.9
1551903102.44,20.88
1551903683.156,20.86
1551904261.235,20.83
1551904841.298,20.82
1551905420.985,20.8
1551906001.353,20.79
1551906581.493,20.76
1551907161.304,20.75
1551907741.132,20.73
1551908321.07,20.72
1551908900.881,20.71
1551909480.524,20.69
1551910060.602,20.67
1551910640.265,20.65
1551911220.421,20.63
1551911800.489,20.61
1551912379.813,20.6
1551912959.412,20.58
1551913539.171,20.56
1551914118.321,20.54
1551914697.93,20.52
1551915278.322,20.51
1551915858.128,20.48
1551916437.549,20.45
1551917017.724,20.43
1551917597.638,20.39
1551918177.747,20.4
1551918757.495,20.44
1551919337.525,20.47
1551919917.598,20.49
1551920497.687,20.49
1551921077.524,20.45
1551921657.652,20.45
1551922237.542,20.42
1551922817.338,20.41
1551923396.792,20.4
1551923976.447,20.38
1551924556.429,20.37
1551925135.78,20.35
1551925715.66,20.34
1551926295.648,20.32
1551926875.658,20.3
1551927455.625,20.29
1551928035.278,20.27
1551928614.618,20.26
1551929194.214,20.24
1551929773.788,20.24
1551930353.915,20.22
1551930933.654,20.2
1551931513.688,20.18
1551932093.522,20.16
1551932673.163,20.16
1551933253.079,20.14
1551933832.46,20.13
1551934412.902,20.12
1551934992.862,20.11
1551935572.815,20.1
1551936152.305,20.09
1551936732.265,20.08
1551937312.359,20.07
1551937892.09,20.06
1551938471.943,20.05
1551939051.885,20.04
1551939631.851,20.03
1551940211.476,20.02
1551940790.976,20.01
1551941370.884,20.01
1551941950.665,19.99
1551942530.501,19.98
1551943110.592,19.98
1551943690.2,19.96
1551944270.104,19.96
1551944849.938,19.94
1551945429.754,19.93
1551946009.527,19.92
1551946589.16,19.92
1551947169.519,19.9
1551947749.56,19.88
1551948329.665,19.87
1551948909.365,19.86
1551949489.167,19.85
1551950069.195,19.84
1551950649.246,19.83
1551951229.093,19.81
1551951808.639,19.81
1551952388.367,19.79
1551952968.08,19.78
1551953547.97,19.75
1551954127.897,19.73
1551954707.574,19.73
1551955287.275,19.72
1551955866.827,19.56
1551956446.674,19.45
1551957026.074,19.41
1551957605.726,19.34
1551958185.17,19.25
1551958765.003,19.17
1551959344.943,19.14
1551959924.281,19.17
1551960504.182,19.18
1551961083.643,19.21
1551961663.646,19.22
1551962243.833,19.22
1551962823.489,19.23
1551963403.077,19.19
1551963982.414,19.14
1551964562.283,19.1
1551965142.282,19.1
1551965721.976,19.1
1551966301.356,19.12
1551966881.063,19.19
1551967461.219,19.23
1551968040.728,19.25
1551968620.483,19.26
1551969200.226,19.3
1551969780.133,19.29
1551970360.083,19.29
1551970939.77,19.28
1551971519.813,19.28
1551972099.436,19.28
1551972679.225,19.29
1551973258.624,19.27
1551973838.385,19.27
1551974417.779,19.26
1551974997.307,19.25
1551975576.921,19.25
1551976156.899,19.22
1551976736.834,19.2
1551977316.545,19.18
1551977896.521,19.13
1551978476.393,19.09
1551979056.245,19.07
1551979636.302,19.05
1551980216.275,19.02
1551980796.057,19
1551981375.869,18.99
1551981955.403,18.98
1551982535.076,18.96
1551983114.336,18.95
1551983694.302,18.93
1551984273.835,18.91
1551984853.598,18.89
1551985433.557,18.87
1551986013.441,18.83
1551986593.728,18.84
1551987173.699,18.82
1551987753.635,18.8
1551988333.283,18.79
1551988912.865,18.77
1551989492.765,18.76
1551990072.807,18.74
1551990652.731,18.73
1551991232.544,18.71
1551991812.479,18.71
1551992392.004,18.69
1551992971.531,18.67
1551993551.296,18.66
1551994131.017,18.65
1551994710.54,18.63
1551995290.229,18.61
1551995869.572,18.59
1551996449.069,18.58
1551997029.126,18.55
1551997608.776,18.56
1551998188.377,18.54
1551998768.41,18.53
1551999348.635,18.52
1551999928.69,18.5
1552000508.664,18.49
1552001088.257,18.47
1552001668.115,18.46
1552002248.126,18.45
1552002828.04,18.44
1552003407.343,18.42
1552003987.417,18.41
1552004567.029,18.41
1552005146.897,18.4
1552005726.596,18.42
1552006306.625,18.47
1552006886.425,18.51
1552007465.925,18.46
1552008045.445,18.42
1552008625.302,18.4
1552009205.063,18.37
1552009784.843,18.36
1552010364.49,18.34
1552010943.85,18.34
1552011523.343,18.33
1552012102.822,18.32
1552012682.379,18.32
1552013262.166,18.31
1552013841.93,18.3
1552014421.649,18.29
1552015001.594,18.29
1552015581.515,18.29
1552016161.392,18.29
1552016741.545,18.27
1552017321.479,18.28
1552017900.897,18.29
1552018480.638,18.28
1552019060.477,18.29
1552019640.237,18.29
1552020219.684,18.27
1552020799.574,18.28
1552021379.42,18.28
1552021959.197,18.28
1552022539.01,18.28
1552023118.907,18.28
1552023698.785,18.28
1552024278.679,18.27
1552024858.381,18.27
1552025438.134,18.27
1552026017.562,18.26
1552026597.895,18.27
1552027177.638,18.26
1552027756.974,18.25
1552028336.582,18.26
1552028916.319,18.24
1552029496.35,18.24
1552030076.022,18.25
1552030655.708,18.23
1552031234.929,18.25
1552031814.712,18.24
1552032394.107,18.23
1552032973.693,18.22
1552033553.477,18.22
1552034133.624,18.22
1552034713.916,18.22
1552035293.67,18.21
1552035873.374,18.21
1552036452.749,18.09
1552037032.744,17.97
1552037612.181,17.9
1552038191.942,17.87
1552038771.361,17.84
1552039350.732,17.78
1552039930.492,17.71
1552040510.416,17.69
1552041090.233,17.69
1552041669.395,17.68
1552042249.229,17.62
1552042828.977,17.56
1552043409.167,17.53
1552043988.655,17.57
1552044568.473,17.54
1552045148.27,17.5
1552045727.881,17.47
1552046307.761,17.5
1552046887.444,17.53
1552047466.991,17.53
1552048047.04,17.6
1552048626.909,17.67
1552049206.534,17.72
1552049786.412,17.75
1552050365.987,17.78
1552050945.686,17.85
1552051525.125,17.9
1552052104.974,17.93
1552052685.094,17.94
1552053264.412,17.96
1552053843.959,17.98
1552054423.961,17.99
1552055003.789,18.01
1552055583.441,18
1552056163.415,18.03
1552056742.841,18.01
1552057322.825,17.97
1552057902.883,18
1552058482.374,18.01
1552059062.085,17.97
1552059641.573,17.94
1552060221.13,17.92
1552060800.489,17.9
1552061380.452,17.9
1552061960.01,17.89
1552062539.793,17.87
1552063119.295,17.86
1552063698.622,17.85
1552064278.277,17.84
1552064857.865,17.84
1552065437.631,17.84
1552066017.493,17.83
1552066597.267,17.83
1552067177.085,17.82
1552067756.626,17.81
1552068335.822,17.8
1552068915.564,17.8
1552069495.619,17.79
1552070075.513,17.79
1552070654.923,17.79
1552071234.969,17.79
1552071814.7,17.77
1552072394.046,17.77
1552072973.827,17.77
1552073553.509,17.76
1552074133.363,17.75
1552074712.617,17.75
1552075292.937,17.74
1552075872.195,17.74
1552076452.217,17.73
1552077032.15,17.73
1552077612.076,17.72
1552078191.998,17.71
1552078771.959,17.7
1552079351.781,17.71
1552079931.548,17.7
1552080511.199,17.69
1552081091.009,17.69
1552081671.053,17.68
1552082250.926,17.67
1552082830.508,17.67
1552083410.393,17.67
1552083989.781,17.66
1552084569.601,17.66
1552085149.63,17.66
1552085729.71,17.65
1552086309.413,17.64
1552086889.037,17.64
1552087468.441,17.58
1552088048.193,17.51
1552088627.351,17.42
1552089206.629,17.33
1552089786.628,17.27
1552090366.21,17.25
1552090945.995,17.28
1552091525.723,17.35
1552092105.231,17.4
1552092684.758,17.42
1552093264.512,17.43
1552093844.558,17.44
1552094424.382,17.45
1552095004.32,17.45
1552095584.242,17.46
1552096163.92,17.46
1552096743.683,17.46
1552097322.895,17.45
1552097902.656,17.46
1552098481.639,17.45
1552099061.555,17.46
1552099641.52,17.46
1552100221.003,17.47
1552100800.735,17.48
1552101380.801,17.48
1552101960.489,17.48
1552102540.373,17.49
1552103119.727,17.5
1552103699.335,17.51
1552104279.209,17.51
1552104858.91,17.53
1552105438.826,17.54
1552106018.432,17.57
1552106598.139,17.55
1552107178.183,17.52
1552107757.658,17.5
1552108337.119,17.46
1552108916.767,17.52
1552109496.335,17.53
1552110075.994,17.63
1552110655.796,17.68
1552111235.727,17.72
1552111815.325,17.75
1552112395.199,17.77
1552112974.954,17.79
1552113554.739,17.78
1552114134.657,17.79
1552114714.057,17.92
1552115293.564,17.86
1552115873.603,17.85
1552116453.171,17.86
1552117032.89,17.86
1552117612.913,17.87
1552118192.288,17.89
1552118771.662,17.9
1552119351.484,17.9
1552119931.21,17.89
1552120511.683,17.91
1552121091.303,17.92
1552121673.185,17.92
1552122248.771,17.92
1552122828.385,17.92
1552123408.081,17.94
1552123988.055,17.94
1552124567.435,17.94
1552125147.479,17.94
1552125727.473,17.94
1552126306.827,17.95
1552126886.419,17.95
1552127465.696,17.94
1552128045.458,17.94
1552128625.064,17.95
1552129204.443,17.95
1552129783.978,17.94
1552130363.933,17.94
1552130943.4,17.95
1552131523.193,17.94
1552132102.515,17.94
1552132682.423,17.95
1552133262.468,17.95
1552133842.579,17.96
1552134422.178,17.95
1552135001.137,17.96
1552135580.591,17.95
1552136160.234,17.92
1552136739.357,17.85
1552137318.724,17.76
1552137898.483,17.68
1552138477.878,17.63
1552139057.502,17.62
1552139636.751,17.63
1552140216.381,17.58
1552140795.653,17.52
1552141376.633,17.49
1552141953.881,17.48
1552142533.227,17.49
1552143112.974,17.47
1552143692.55,17.56
1552144272.416,17.61
1552144852.557,17.65
1552145431.898,17.67
1552146011.272,17.68
1552146591.193,17.68
1552147171.229,17.69
1552147750.777,17.7
1552148330.783,17.71
1552148910.225,17.72
1552149490.223,17.72
1552150068.906,17.72
1552150648.811,17.69
1552151228.564,17.64
1552151808.513,17.61
1552152387.975,17.59
1552152967.713,17.57
1552153547.513,17.54
1552154127.014,17.53
1552154706.352,17.53
1552155285.762,17.52
1552155865.633,17.51
1552156445.38,17.51
1552157024.859,17.5
1552157604.562,17.49
1552158184.223,17.47
1552158764.16,17.48
1552159343.495,17.46
1552159923.136,17.45
1552160502.544,17.45
1552161082.237,17.44
1552161661.598,17.42
1552162242.14,17.42
1552162822.218,17.4
1552163401.965,17.38
1552163981.449,17.38
1552164561.562,17.37
1552165141.132,17.36
1552165721.065,17.35
1552166301.145,17.34
1552166880.902,17.33
1552167460.74,17.32
1552168040.466,17.3
1552168620.104,17.29
1552169200.408,17.28
1552169780.492,17.28
1552170360.325,17.27
1552170940.259,17.26
1552171520.265,17.25
1552172099.954,17.24
1552172680.208,17.24
1552173259.747,17.24
1552173839.048,17.22
1552174418.826,17.21
1552174998.732,17.2
1552175578.25,17.18
1552176157.724,17.08
1552176737.307,17.01
1552177316.488,16.94
1552177896.106,16.88
1552178476.158,16.94
1552179055.716,17.01
1552179635.565,17.03
1552180215.583,17.07
1552180795.027,17.12
1552181374.703,17.17
1552181954.217,17.15
1552182533.649,17.13
1552183113.307,17.11
1552183693.35,17.1
1552184272.867,17.09
1552184852.266,17.09
1552185432.045,17.08
1552186011.607,17.07
1552186591.384,17.07
1552187171.071,17.08
1552187750.588,17.09
1552188330.704,17.1
1552188910.784,17.1
1552189490.581,17.1
1552190070.221,17.11
1552190649.979,17.13
1552191229.928,17.15
1552191809.937,17.16
1552192389.725,17.17
1552192969.489,17.19
1552193549.117,17.22
1552194128.158,17.24
1552194708.01,17.26
1552195287.776,17.28
1552195867.679,17.31
1552196447.655,17.33
1552197027.424,17.35
1552197607.108,17.38
1552198187.162,17.41
1552198766.99,17.43
1552199346.306,17.46
1552199926.532,17.49
1552200506.01,17.51
1552201085.671,17.54
1552201665.507,17.58
1552202245.375,17.59
1552202824.846,17.52
1552203404.4,17.45
1552203984.023,17.38
1552204563.426,17.37
1552205143.149,17.39
1552205722.731,17.39
1552206302.33,17.38
1552206882.028,17.33
1552207461.975,17.35
1552208041.916,17.38
1552208621.327,17.39
1552209201.131,17.38
1552209780.776,17.33
1552210360.859,17.35
1552210940.555,17.39
1552211520.525,17.41
1552212100.335,17.38
1552212679.973,17.35
1552213259.782,17.34
1552213839.232,17.38
1552214418.885,17.39
1552214998.317,17.36
1552215578.062,17.33
1552216158.222,17.32
1552216738.229,17.34
1552217317.683,17.36
1552217897.216,17.33
1552218476.26,17.29
1552219055.909,17.27
1552219635.797,17.28
1552220215.118,17.3
1552220794.914,17.26
1552221374.629,17.29
1552221954.311,17.3
1552222534.326,17.32
1552223113.655,17.35
1552223693.327,17.34
1552224273.237,17.43
1552224853.02,17.55
1552225432.824,17.64
1552226012.535,17.69
1552226592.528,17.75
1552227172.572,17.81
1552227752.586,17.85
1552228331.759,17.87
1552228911.542,17.91
1552229491.226,17.92
1552230071.112,17.93
1552230650.578,17.94
1552231230.376,17.95
1552231810.377,17.95
1552232390.263,17.96
1552232969.759,17.97
1552233549.293,17.98
1552234129.361,17.99
1552234709.291,18
1552235288.851,17.94
1552235868.788,17.89
1552236448.177,17.86
1552237027.999,17.83
1552237607.217,17.8
1552238186.873,17.79
1552238766.699,17.77
1552239346.247,17.76
1552239925.951,17.75
1552240505.714,17.75
1552241085.87,17.74
1552241665.546,17.73
1552242245.072,17.72
1552242824.83,17.71
1552243404.868,17.7
1552243983.909,17.69
1552244563.364,17.68
1552245143.33,17.67
1552245722.913,17.66
1552246302.641,17.66
1552246881.896,17.65
1552247461.956,17.64
1552248041.958,17.64
1552248621.785,17.63
1552249201.368,17.62
1552249781.435,17.6
1552250361.226,17.6
1552250941.119,17.58
1552251520.449,17.58
1552252100.207,17.57
1552252680.206,17.56
1552253259.912,17.56
1552253839.526,17.53
1552254419.596,17.52
1552254999.42,17.51
1552255578.916,17.5
1552256158.408,17.49
1552256738.111,17.48
1552257318.179,17.47
1552257897.996,17.47
1552258478.055,17.46
1552259057.336,17.45
1552259636.972,17.44
1552260216.299,17.42
1552260796.373,17.42
1552261375.961,17.4
1552261955.948,17.39
1552262535.647,17.39
1552263115.389,17.39
1552263694.861,17.37
1552264274.579,17.35
1552264854.369,17.36
1552265433.961,17.44
1552266013.866,17.51
1552266593.856,17.54
1552267173.154,17.49
1552267752.758,17.47
1552268332.788,17.47
1552268911.692,17.48
1552269490.621,17.49
1552270069.213,17.5
1552270649.709,17.53
1552271228.342,17.57
1552271807.447,17.6
1552272386.752,17.66
1552272966.263,17.7
1552273545.11,17.75
1552274123.814,17.79
1552274703.718,17.85
1552275283.997,17.91
1552275862.89,17.97
1552276441.999,18.04
1552277021.44,18.1
1552277600.357,18.16
1552278179.023,18.24
1552278759.165,18.31
1552279338.412,18.39
1552279918.715,18.47
1552280497.304,18.57
1552281077.937,18.65
1552281656.38,18.74
1552282236.883,18.83
1552282816.39,18.92
1552283395.868,19
1552283974.717,19.08
1552284554.3,19.17
1552285133.715,19.26
1552285713.108,19.35
1552286291.53,19.44
1552286871.528,19.53
1552287452.243,19.63
1552288031.143,19.7
1552288611.144,19.78
1552289191.907,19.87
1552289770.863,19.95
1552290350.367,20.01
1552290929.989,20.08
1552291509.842,20.15
1552292090.106,20.21
1552292669.993,20.26
1552293249.488,20.3
1552293829.43,20.35
1552294409.353,20.38
1552294989.704,20.43
1552295568.892,20.32
1552296148.828,20.2
1552296727.878,20.12
1552297307.784,20.13
1552297887.382,20.13
1552298467.499,20.1
1552299047.591,20.04
1552299627.132,20
1552300206.337,20.02
1552300786.045,20.04
1552301365.666,19.98
1552301945.164,19.95
1552302525.45,19.91
1552303104.366,19.94
1552303682.974,19.96
1552304262.134,19.93
1552304842.076,19.88
1552305421.069,19.84
1552306001.238,19.87
1552306580.98,19.93
1552307161.208,20.07
1552307741.093,20.1
1552308321.097,20.09
1552308901.241,20.13
1552309479.871,20.19
1552310059.721,20.2
1552310639.988,20.16
1552311219.6,20.15
1552311799.636,20.17
1552312379.402,20.19
1552312959.575,20.31
1552313539.313,20.39
1552314119.301,20.44
1552314699.089,20.49
1552315278.754,20.51
1552315858.274,20.55
1552316438.284,20.6
1552317018.267,20.64
1552317598.166,20.67
1552318178.285,20.7
1552318758.362,20.72
1552319337.804,20.74
1552319917.947,20.74
1552320497.978,20.75
1552321077.835,20.73
1552321657.9,20.69
1552322237.28,20.65
1552322817.524,20.64
1552323397.134,20.6
1552323977.002,20.58
1552324556.983,20.56
1552325136.546,20.54
1552325716.257,20.53
1552326295.812,20.52
1552326875.85,20.49
1552327455.544,20.49
1552328035.48,20.49
1552328615.318,20.47
1552329195.06,20.45
1552329774.766,20.44
1552330354.274,20.42
1552330934.043,20.41
1552331513.706,20.4
1552332093.404,20.39
1552332673.009,20.39
1552333252.463,20.37
1552333832.454,20.35
1552334412.139,20.33
1552334991.577,20.31
1552335571.281,20.29
1552336151.19,20.28
1552336731.319,20.26
1552337311.015,20.25
1552337890.912,20.23
1552338470.75,20.21
1552339050.591,20.19
1552339630.29,20.18
1552340210.609,20.15
1552340790.387,20.14
1552341370.201,20.12
1552341950.026,20.09
1552342529.865,20.08
1552343109.608,20.08
1552343689.632,20.07
1552344269.36,20.04
1552344849.76,20.02
1552345429.907,20
1552346009.357,19.97
1552346589.112,19.96
1552347169.238,19.94
1552347748.993,19.93
1552348329.189,19.91
1552348909.156,19.89
1552349488.16,19.88
1552350068.219,19.98
1552350648.261,20.02
1552351228.095,19.97
1552351808.254,19.97
1552352388.204,20.02
1552352968.21,19.99
1552353547.955,19.92
1552354127.611,19.9
1552354707.42,19.91
1552355287.545,19.9
1552355867.427,19.93
1552356447.241,19.96
1552357026.658,19.99
1552357606.03,20.03
1552358186.428,20.06
1552358766.72,20.11
1552359346.925,20.16
1552359927.025,20.22
1552360506.812,20.27
1552361086.82,20.33
1552361666.95,20.38
1552362246.479,20.45
1552362826.333,20.52
1552363406.18,20.59
1552363986.268,20.65
1552364566.497,20.72
1552365146.888,20.81
1552365727.177,20.9
1552366307.463,20.98
1552366887.434,21.06
1552367467.305,21.16
1552368047.418,21.25
1552368627.227,21.34
1552369207.472,21.43
1552369787.566,21.53
1552370367.367,21.6
1552370947.316,21.67
1552371527.257,21.78
1552372107.753,21.87
1552372687.648,21.96
1552373267.863,22.06
1552373848.002,22.16
1552374428.062,22.24
1552375008.4,22.33
1552375588.381,22.42
1552376168.476,22.49
1552376748.347,22.54
1552377328.609,22.62
1552377908.486,22.66
1552378487.91,22.7
1552379067.872,22.75
1552379648.106,22.79
1552380228.034,22.83
1552380807.865,22.86
1552381387.984,22.88
1552381967.417,22.58
1552382546.703,22.44
1552383126.507,22.43
1552383706.132,22.43
1552384285.808,22.37
1552384865.664,22.3
1552385445.53,22.26
1552386025.461,22.29
1552386605.379,22.3
1552387185.106,22.27
1552387764.851,22.22
1552388344.914,22.2
1552388924.774,22.21
1552389504.3,22.25
1552390083.993,22.21
1552390663.602,22.17
1552391243.71,22.12
1552391823.883,22.14
1552392404.342,22.17
1552392982.761,22.15
1552393562.529,22.12
1552394142.545,22.14
1552394722.527,22.18
1552395302.271,22.24
1552395882.106,22.34
1552396462.344,22.62
1552397042.423,22.77
1552397622.373,22.86
1552398202.419,22.91
1552398781.903,22.95
1552399361.806,22.98
1552399941.756,23
1552400521.686,23.03
1552401101.425,23.05
1552401681.703,23.08
1552402261.628,23.09
1552402841.578,23.11
1552403421.406,23.12
1552404001.5,23.12
1552404581.341,23.14
1552405161.389,23.14
1552405747.437,23.14
1552406319.49,23.16
1552406899.364,23.15
1552407479.241,23.15
1552408058.94,23.14
1552408639.002,23.14
1552409219.05,23.14
1552409799.076,23.13
1552410379.213,23.08
1552410958.974,23.02
1552411538.705,22.97
1552412118.812,22.95
1552412698.571,22.91
1552413278.692,22.87
1552413858.597,22.84
1552414438.376,22.81
1552415018.358,22.78
1552415598.275,22.76
1552416178.34,22.75
1552416758.026,22.73
1552417337.724,22.71
1552417917.58,22.69
1552418497.573,22.67
1552419077.758,22.66
1552419657.504,22.65
1552420237.747,22.62
1552420817.422,22.61
1552421397.349,22.6
1552421977.149,22.6
1552422557.192,22.58
1552423136.801,22.56
1552423716.823,22.55
1552424296.656,22.52
1552424876.564,22.5
1552425456.171,22.48
1552426036.081,22.48
1552426616.146,22.46
1552427195.76,22.44
1552427775.93,22.4
1552428356.061,22.38
1552428935.874,22.36
1552429515.97,22.33
1552430095.826,22.31
1552430675.982,22.29
1552431255.694,22.26
1552431835.834,22.24
1552432415.89,22.21
1552432995.58,22.19
1552433575.342,22.16
1552434155.071,22.14
1552434734.939,22.12
1552435314.537,22.1
1552435894.078,22.07
1552436473.305,22.05
1552437053.183,22.03
1552437633.327,22.02
1552438213.344,22.06
1552438793.337,22.06
1552439373.307,22.03
1552439953.311,22
1552440533.263,21.98
1552441113.277,21.97
1552441693.31,21.97
1552442273.027,21.97
1552442852.686,21.97
1552443432.253,21.99
1552444012.283,22
1552444592.667,22.02
1552445172.368,22.04
1552445752.502,22.07
1552446332.561,22.1
1552446912.42,22.14
1552447492.454,22.18
1552448072.56,22.23
1552448652.687,22.28
1552449232.411,22.32
1552449812.025,22.38
1552450392.147,22.43
1552450972.412,22.49
1552451552.154,22.56
1552452132.043,22.62
1552452711.955,22.68
1552453291.741,22.74
1552453871.537,22.81
1552454451.416,22.88
1552455031.4,22.94
1552455611.956,23
1552456192.413,23.07
1552456772.393,23.14
1552457352.781,23.2
1552457933.249,23.27
1552458513.268,23.33
1552459093.575,23.4
1552459673.733,23.47
1552460254.081,23.53
1552460833.729,23.59
1552461413.861,23.65
1552461994.323,23.72
1552462574.352,23.77
1552463154.493,23.81
1552463734.493,23.86
1552464314.378,23.91
1552464894.961,23.96
1552465475.272,23.99
1552466055.179,24.04
1552466634.929,24.08
1552467214.758,24.12
1552467794.81,24.15
1552468374.901,24.18
1552468954.881,24.21
1552469534.897,24.24
1552470114.761,24.26
1552470694.269,24.28
1552471274.437,24.3
1552471854.49,24.32
1552472434.583,24.33
1552473014.626,24.33
1552473594.368,24.35
1552474174.403,24.36
1552474754.574,24.36
1552475334.618,24.37
1552475914.072,24.37
1552476493.905,24.37
1552477073.957,24.37
1552477653.906,24.37
1552478234.228,24.36
1552478814.198,24.36
1552479394.306,24.35
1552479974.147,24.34
1552480554.125,24.34
1552481134.205,24.34
1552481714.161,24.34
1552482294.558,24.33
1552482874.151,24.33
1552483453.918,24.33
1552484033.925,24.31
1552484613.196,24.3
1552485193.145,24.3
1552485772.781,24.02
1552486352.739,23.86
1552486932.341,23.78
1552487512.096,23.83
1552488091.793,23.87
1552488671.358,23.76
1552489251.504,23.74
1552489832.487,23.76
1552490410.205,23.78
1552490989.983,23.74
1552491569.572,23.69
1552492149.594,23.63
1552492729.811,23.8
1552493310.026,23.92
1552493890.249,24.04
1552494470.227,24.05
1552495050.198,24.01
1552495628.869,24
1552496209.096,23.98
1552496788.936,23.99
1552497369.286,23.99
1552497949.486,23.99
1552498529.465,23.98
1552499109.585,23.95
1552499689.758,23.92
1552500269.561,23.89
1552500849.562,23.87
1552501429.768,23.85
1552502009.937,23.84
1552502589.918,23.84
1552503170.105,23.84
1552503750.226,23.83
1552504329.799,23.82
1552504909.716,23.81
1552505489.78,23.79
1552506069.758,23.78
1552506649.752,23.78
1552507229.892,23.77
1552507809.817,23.77
1552508389.567,23.74
1552508969.447,23.71
1552509550.784,23.71
1552510130.68,23.69
1552510710.773,23.68
1552511290.467,23.66
1552511870.336,23.65
1552512450.137,23.63
1552513030.035,23.62
1552513610.146,23.61
1552514190.096,23.57
1552514770.091,23.56
1552515350.029,23.54
1552515930.02,23.53
1552516510.054,23.51
1552517089.776,23.49
1552517669.653,23.46
1552518249.425,23.44
1552518829.119,23.42
1552519409.263,23.4
1552519989.254,23.25
1552520568.883,23.14
1552521148.981,23.04
1552521727.806,22.96
1552522308.076,23.07
1552522888.145,23.12
1552523468.495,23.22
1552524048.223,23.22
1552524077.966,23.14
1552524651.561,23.27
1552525231.689,23.19
1552525811.118,23.16
1552526390.605,23.13
1552526970.338,23.1
1552527550.711,23.07
1552528130.695,23.05
1552528710.789,23.02
1552529290.741,23.01
1552529870.725,22.99
1552530450.4,22.96
1552531030.192,22.95
1552531609.943,22.93
1552532190.001,22.9
1552532770.17,22.9
1552533349.607,22.88
1552533929.105,22.85
1552534509.268,22.85
1552535089.232,22.83
1552535669.117,22.83
1552536248.929,22.82
1552536828.656,22.79
1552537408.487,22.78
1552537988.746,22.78
1552538568.748,22.77
1552539148.556,22.75
1552539728.166,22.74
1552540307.862,22.73
1552540887.505,22.71
1552541467.456,22.7
1552542047.104,22.69
1552542627.029,22.69
1552543207.037,22.68
1552543786.599,22.67
1552544366.222,22.66
1552544945.665,22.65
1552545525.577,22.65
1552546105.729,22.64
1552546685.541,22.63
1552547265.611,22.63
1552547845.596,22.62
1552548425.891,22.62
1552549005.875,22.61
1552549585.625,22.61
1552550165.486,22.61
1552550745.668,22.6
1552551325.804,22.6
1552551905.614,22.6
1552552485.36,22.6
1552553065.03,22.59
1552553644.946,22.59
1552554224.878,22.59
1552554804.805,22.57
1552555384.745,22.58
1552555964.73,22.57
1552556544.45,22.56
1552557124.449,22.56
1552557704.085,22.38
1552558283.84,22.22
1552558863.453,22.17
1552559443.039,22.15
1552560022.441,22.06
1552560602.031,21.99
1552561182.468,21.94
1552561762.498,21.92
1552562342.408,21.93
1552562922.12,21.88
1552563501.582,21.82
1552564081.439,21.74
1552564661.137,21.75
1552565240.841,21.78
1552565820.077,21.73
1552566399.643,21.67
1552566979.719,21.62
1552567559.602,21.6
1552568139.316,21.62
1552568718.877,21.67
1552569298.382,21.63
1552569878.108,21.6
1552570458.459,21.6
1552571037.683,21.72
1552571617.836,21.75
1552572197.6,21.72
1552572777.934,21.69
1552573357.804,21.7
1552573937.326,21.72
1552574517.299,21.88
1552575097.72,22
1552575677.526,22.06
1552576257.678,22.1
1552576837.275,22.11
1552577417.146,22.13
1552577997.094,22.14
1552578576.756,22.15
1552579156.546,22.15
1552579736.29,22.15
1552580316.294,22.16
1552580896.407,22.17
1552581476.032,22.16
1552582055.849,22.16
1552582636.068,22.14
1552583215.991,22.09
1552583795.709,22.02
1552584375.279,21.99
1552584955.058,21.97
1552585534.926,21.95
1552586114.93,21.93
1552586694.646,21.91
1552587274.806,21.9
1552587854.957,21.89
1552588434.868,21.87
1552589014.673,21.85
1552589594.47,21.84
1552590174.502,21.82
1552590754.523,21.83
1552591334.302,21.82
1552591914.036,21.79
1552592493.602,21.79
1552593073.551,21.77
1552593653.297,21.76
1552594233.135,21.74
1552594812.882,21.74
1552595392.668,21.72
1552595972.439,21.69
1552596552.056,21.69
1552597132.024,21.67
1552597712.157,21.66
1552598291.727,21.65
1552598871.791,21.64
1552599452.056,21.62
1552600031.744,21.61
1552600611.27,21.6
1552601190.838,21.59
1552601770.643,21.57
1552602350.699,21.56
1552602930.71,21.55
1552603510.464,21.52
1552604089.976,21.5
1552604670.017,21.47
1552605249.9,21.45
1552605829.162,21.31
1552606409.174,21.32
1552606989.303,21.33
1552607569.319,21.32
1552608149.373,21.3
1552608729.065,21.3
1552609309.098,21.28
1552609889.594,21.26
1552610469.236,21.25
1552611049.418,21.23
1552611629.307,21.26
1552612209.278,21.28
1552612789.194,21.26
1552613368.821,21.22
1552613948.718,21.18
1552614528.331,21.14
1552615108.155,21.11
1552615688.056,21.09
1552616268.405,21.07
1552616848.194,21.05
1552617428.14,21.03
1552618008.152,21.01
1552618587.858,21
1552619168.102,21
1552619747.222,20.98
1552620327.062,20.97
1552620907.19,20.96
1552621487.119,20.95
1552622067.08,20.94
1552622647.162,20.93
1552623226.783,20.93
1552623807.029,20.93
1552624387.332,20.94
1552624967.118,20.93
1552625547.077,20.93
1552626127.309,20.93
1552626707.678,20.93
1552627287.446,20.94
1552627867.681,20.95
1552628447.508,20.95
1552629027.801,20.97
1552629607.97,20.97
1552630187.814,20.99
1552630767.713,21
1552631348.045,21.02
1552631928.144,21.03
1552632508.165,21.05
1552633088.289,21.06
1552633667.863,21.08
1552634247.786,21.1
1552634827.537,21.12
1552635407.378,21.14
1552635987.124,21.15
1552636567.35,21.17
1552637146.405,21.19
1552637726.468,21.21
1552638306.929,21.21
1552638886.998,21.23
1552639466.85,21.23
1552640047.054,21.23
1552640627.244,21.23
1552641207.334,21.24
1552641787.102,21.08
1552642366.736,20.99
1552642946.333,20.96
1552643525.526,20.9
1552644104.961,20.8
1552644684.732,20.73
1552645264.404,20.72
1552645844.365,20.72
1552646424.684,20.69
1552647004.377,20.62
1552647584.103,20.58
1552648164.154,20.56
1552648744.201,20.58
1552649323.398,20.54
1552649903.339,20.49
1552650483.348,20.44
1552651062.914,20.41
1552651643.017,20.44
1552652222.724,20.41
1552652802.402,20.36
1552653382.21,20.32
1552653962.003,20.36
1552654541.724,20.39
1552655121.328,20.4
1552655700.974,20.36
1552656280.7,20.31
1552656860.625,20.29
1552657440.696,20.43
1552658020.689,20.53
1552658600.718,20.61
1552659180.33,20.66
1552659760.144,20.69
1552660339.736,20.72
1552660919.501,20.73
1552661499.33,20.71
1552662078.957,20.76
1552662659.032,20.85
1552663239.286,20.87
1552663818.748,20.84
1552664398.141,20.82
1552664979.112,20.95
1552665556.522,21
1552666136.654,21.03
1552666716.778,21.05
1552667297.089,21.06
1552667876.952,21.07
1552668458.131,21.07
1552669035.421,21.06
1552669614.902,21.06
1552670194.983,21.06
1552670774.81,21.07
1552671354.789,21.05
1552671934.198,20.97
1552672513.673,20.93
1552673094.133,20.9
1552673671.534,20.87
1552674251.598,20.84
1552674831.828,20.82
1552675411.5,20.8
1552675991.078,20.78
1552676571.0,20.77
1552677151.123,20.76
1552677730.909,20.74
1552678310.386,20.73
1552678890.109,20.72
1552679469.974,20.72
1552680049.936,20.7
1552680629.398,20.69
1552681209.71,20.68
1552681789.379,20.67
1552682369.812,20.66
1552682950.057,20.65
1552683530.147,20.63
1552684110.053,20.63
1552684689.497,20.61
1552685269.613,20.6
1552685849.118,20.59
1552686429.081,20.57
1552687008.914,20.56
1552687588.855,20.55
1552688168.868,20.53
1552688748.557,20.53
1552689328.296,20.51
1552689907.964,20.51
1552690487.9,20.5
1552691067.586,20.5
1552691647.334,20.49
1552692226.782,20.48
1552692806.966,20.48
1552693386.43,20.45
1552693966.312,20.44
1552694546.362,20.43
1552695126.509,20.44
1552695706.321,20.43
1552696286.275,20.43
1552696865.959,20.42
1552697445.905,20.42
1552698025.942,20.41
1552698605.928,20.41
1552699185.81,20.41
1552699766.056,20.41
1552700346.013,20.41
1552700925.596,20.43
1552701504.809,20.42
1552702084.704,20.44
1552702664.744,20.45
1552703244.758,20.47
1552703825.607,20.49
1552704403.136,20.5
1552704983.07,20.52
1552705562.027,20.54
1552706141.742,20.58
1552706721.704,20.62
1552707301.764,20.65
1552707881.703,20.69
1552708461.77,20.72
1552709042.043,20.77
1552709621.911,20.82
1552710201.712,20.87
1552710781.489,20.92
1552711361.233,20.97
1552711941.237,21.01
1552712521.208,21.07
1552713100.572,21.13
1552713680.333,21.18
1552714287.969,21.26
1552714301.515,21.25
1552714307.69,21.26
1552714314.145,21.26
1552714321.409,21.27
1552714331.884,21.27
1552714331.954,21.26
1552714334.871,21.26
1552714893.881,21.47
1552715473.565,21.52
1552716053.285,21.56
1552716633.521,21.6
1552717213.68,21.64
1552717793.349,21.68
1552718373.169,21.67
1552718952.524,21.58
1552719532.447,21.61
1552720112.807,21.67
1552720693.158,21.75
1552721273.252,21.86
1552721853.373,21.97
1552722433.316,22.06
1552723013.437,22.15
1552723593.535,22.23
1552724173.089,22.29
1552724753.06,22.33
1552725333.014,22.39
1552725913.066,22.45
1552726492.971,22.49
1552727072.749,22.54
1552727652.548,22.59
1552728232.955,22.63
1552728813.218,22.66
1552729392.871,22.68
1552729972.898,22.73
1552730552.152,22.6
1552731131.77,22.52
1552731711.658,22.53
1552732291.61,22.55
1552732871.301,22.6
1552733450.517,22.57
1552734031.248,22.71
1552734611.587,22.81
1552735191.32,22.87
1552735771.529,22.91
1552736351.56,22.95
1552736931.767,22.98
1552737511.72,23.01
1552738091.474,23.04
1552738671.16,23.07
1552739250.968,23.1
1552739831.274,23.11
1552740410.927,23.12
1552740991.164,23.14
1552741570.948,23.16
1552742151.197,23.18
1552742731.16,23.18
1552743311.114,23.19
1552743891.274,23.21
1552744471.581,23.22
1552745051.324,23.23
1552745630.988,23.25
1552746210.45,23.25
1552746790.219,23.25
1552747370.51,23.26
1552747950.419,23.29
1552748530.576,23.29
1552749110.637,23.3
1552749690.868,23.3
1552750270.628,23.31
1552750850.469,23.32
1552751430.601,23.32
1552752010.53,23.33
1552752590.157,23.33
1552753169.936,23.32
1552753749.883,23.33
1552754330.893,23.33
1552754907.999,23.33
1552755488.188,23.33
1552756068.059,23.34
1552756648.27,23.33
1552757227.912,23.32
1552757807.892,23.31
1552758388.09,23.31
1552758968.034,23.31
1552759547.734,23.32
1552760128.06,23.32
1552760707.7,23.32
1552761287.948,23.29
1552761868.263,23.26
1552762448.07,23.26
1552763027.919,23.28
1552763607.918,23.3
1552764187.563,23.22
1552764767.171,23.19
1552765346.647,23.16
1552765926.489,23.14
1552766506.671,23.12
1552767086.541,23.11
1552767666.488,23.06
1552768246.304,23.02
1552768826.104,23
1552769405.618,22.97
1552769985.515,22.96
1552770564.983,22.95
1552771145.359,22.93
1552771724.878,22.92
1552772304.685,22.91
1552772884.818,22.89
1552773464.626,22.88
1552774044.577,22.86
1552774624.445,22.85
1552775204.644,22.84
1552775784.805,22.82
1552776364.762,22.82
1552776945.032,22.8
1552777525.186,22.79
1552778105.191,22.77
1552778685.24,22.76
1552779265.352,22.75
1552779845.173,22.73
1552780425.077,22.72
1552781005.086,22.71
1552781584.569,22.7
1552782164.583,22.69
1552782744.603,22.68
1552783324.212,22.67
1552783904.356,22.66
1552784484.125,22.66
1552785064.256,22.66
1552785644.171,22.66
1552786224.389,22.65
1552786804.637,22.65
1552787384.505,22.66
1552787964.611,22.65
1552788544.696,22.66
1552789125.158,22.66
1552789705.265,22.66
1552790285.066,22.67
1552790865.17,22.68
1552791445.092,22.51
1552792025.017,22.38
1552792604.691,22.45
1552793184.536,22.51
1552793764.014,22.55
1552794344.04,22.52
1552794923.609,22.51
1552795503.673,22.51
1552796083.878,22.58
1552796663.904,22.6
1552797243.574,22.6
1552797823.256,22.59
1552798403.749,22.63
1552798983.961,22.69
1552799563.775,22.71
1552800143.405,22.73
1552800723.639,22.96
1552801303.897,23.17
1552801883.814,23.21
1552802464.009,23.27
1552803044.034,23.36
1552803624.513,23.44
1552804204.548,23.53
1552804784.644,23.6
1552805364.744,23.65
1552805944.955,23.7
1552806524.785,23.77
1552807104.423,23.83
1552807684.159,23.89
1552808264.38,23.93
1552808844.272,23.98
1552809424.44,24.02
1552810004.47,24.07
1552810584.386,24.12
1552811163.795,24.16
1552811743.73,24.2
1552812324.007,24.23
1552812904.353,24.26
1552813484.24,24.29
1552814064.203,24.33
1552814644.826,24.36
1552815223.668,24.41
1552815803.632,24.44
1552816383.171,24.45
1552816963.085,24.48
1552817543.395,24.51
1552818123.283,24.52
1552818703.28,24.54
1552819283.437,24.55
1552819863.661,24.58
1552820443.559,24.6
1552821023.73,24.61
1552821603.785,24.64
1552822183.232,24.63
1552822761.851,24.63
1552823341.845,24.65
1552823922.16,24.66
1552824501.927,24.68
1552825081.562,24.7
1552825661.185,24.7
1552826241.418,24.71
1552826821.247,24.72
1552827400.682,24.74
1552827981.062,24.76
1552828561.293,24.76
1552829141.295,24.75
1552829721.339,24.75
1552830301.193,24.76
1552830880.974,24.78
1552831461.023,24.81
1552832041.082,24.83
1552832620.94,24.83
1552833200.618,24.84
1552833780.97,24.84
1552834361.495,24.84
1552834941.393,24.86
1552835521.545,24.84
1552836101.875,24.85
1552836682.044,24.86
1552837262.133,24.85
1552837842.261,24.85
1552838422.341,24.85
1552839002.513,24.85
1552839582.784,24.85
1552840162.551,24.82
1552840742.57,24.79
1552841322.378,24.78
1552841902.397,24.75
1552842482.149,24.74
1552843062.254,24.71
1552843642.119,24.71
1552844221.964,24.69
1552844801.854,24.67
1552845381.225,24.66
1552845960.836,24.62
1552846541.261,24.59
1552847121.198,24.57
1552847701.115,24.55
1552848280.823,24.54
1552848860.823,24.53
1552849440.904,24.52
1552850021.093,24.5
1552850601.629,24.5
1552851181.721,24.49
1552851762.079,24.48
1552852352.202,24.49
1552852922.623,24.5
1552853502.442,24.49
1552854082.367,24.47
1552854662.544,24.47
1552855242.357,24.46
1552855822.041,24.43
1552856401.956,24.43
1552856982.022,24.4
1552857562.115,24.38
1552858141.842,24.36
1552858721.637,24.34
1552859301.351,24.32
1552859881.388,24.31
1552860461.473,24.31
1552861041.751,24.29
1552861621.483,24.31
1552862201.419,24.31
1552862781.516,24.29
1552863361.639,24.27
1552863941.275,24.25
1552864521.309,24.23
1552865101.292,24.22
1552865681.049,24.2
1552866261.175,24.21
1552866841.603,24.21
1552867421.377,24.18
1552868001.195,24.18
1552868581.052,24.17
1552869161.394,24.18
1552869741.503,24.18
1552870321.664,24.21
1552870901.588,24.22
1552871481.959,24.21
1552872061.653,24.14
1552872641.516,24.1
1552873221.322,24.08
1552873801.311,24.06
1552874381.525,24.04
1552874961.428,24.05
1552875541.128,24.03
1552876121.364,24.01
1552876701.399,24.01
1552877281.365,24
1552877861.121,24
1552878440.857,24
1552879020.687,24
1552879600.643,24
1552880180.749,24.01
1552880760.888,24.01
1552881340.638,24.03
1552881920.592,24.03
1552882500.597,24.05
1552883080.574,24.06
1552883660.865,24.09
1552884240.897,24.11
1552884821.915,24.13
1552885399.551,24.15
1552885979.472,24.17
1552886559.271,24.18
1552887139.392,24.21
1552887719.528,24.24
1552888299.757,24.27
1552888879.893,24.29
1552889460.03,24.32
1552890039.859,24.34
1552890619.71,24.37
1552891199.413,24.39
1552891779.318,24.39
1552892359.5,24.43
1552892939.758,24.44
1552893519.963,24.46
1552894099.871,24.48
1552894680.155,24.5
1552895260.082,24.5
1552895840.037,24.52
1552896420.327,24.54
1552897000.293,24.56
1552897580.123,24.57
1552898160.191,24.58
1552898740.055,24.6
1552899319.387,24.61
1552899899.133,24.62
1552900478.946,24.63
1552901058.908,24.64
1552901639.14,24.65
1552902219.039,24.66
1552902799.014,24.67
1552903378.574,24.67
1552903958.518,24.69
1552904538.418,24.7
1552905118.568,24.71
1552905698.571,24.71
1552906278.598,24.72
1552906858.616,24.71
1552907438.391,24.71
1552908018.219,24.72
1552908598.411,24.71
1552909178.594,24.72
1552909758.439,24.71
1552910338.376,24.71
1552910918.102,24.67
1552911497.533,24.5
1552912076.696,24.32
1552912656.483,24.19
1552913236.732,24.13
1552913816.455,24.12
1552914396.571,24.14
1552914977.962,24.05
1552915554.716,24
1552916134.929,24
1552916713.817,24.03
1552917294.769,23.98
1552917871.491,23.96
1552918451.8,24.17
1552919031.736,24.31
1552919611.809,24.4
1552920192.077,24.44
1552920772.254,24.47
1552921352.789,24.49
1552921932.403,24.51
1552922511.445,24.55
1552923092.05,24.6
1552923671.994,24.63
1552924252.379,24.65
1552924831.992,24.65
1552925411.997,24.62
1552925991.758,24.61
1552926571.882,24.62
1552927151.268,24.65
1552927731.294,24.67
1552928311.284,24.65
1552928891.218,24.6
1552929471.189,24.57
1552930051.414,24.56
1552930631.352,24.54
1552931211.476,24.51
1552931791.13,24.46
1552932371.429,24.43
1552932951.456,24.41
1552933531.244,24.39
1552934111.41,24.37
1552934691.34,24.35
1552935271.179,24.33
1552935851.073,24.32
1552936430.816,24.32
1552937010.772,24.31
1552937590.617,24.3
1552938170.712,24.29
1552938750.559,24.27
1552939330.261,24.26
1552939910.255,24.23
1552940489.92,24.22
1552941069.792,24.2
1552941650.117,24.18
1552942229.961,24.17
1552942809.982,24.16
1552943389.644,24.14
1552943969.473,24.13
1552944549.382,24.12
1552945129.535,24.12
1552945709.269,24.11
1552946288.863,24.12
1552946869.707,24.11
1552947448.202,24.09
1552948028.297,24.08
1552948608.22,24.06
1552949188.446,24.05
1552949768.334,24.01
1552950348.012,24.01
1552950927.56,23.99
1552951507.092,23.99
1552952087.047,23.97
1552952667.03,23.96
1552953247.439,23.94
1552953827.724,23.94
1552954407.758,23.92
1552954987.567,23.91
1552955567.465,23.91
1552956147.659,23.94
1552956727.786,23.94
1552957307.464,23.99
1552957887.351,24.04
1552958467.229,23.98
1552959046.91,24.01
1552959626.715,23.98
1552960206.725,23.95
1552960786.699,23.94
1552961366.342,23.94
1552961946.169,23.95
1552962526.17,23.95
1552963106.089,23.96
1552963686.419,23.98
1552964266.405,23.99
1552964847.684,24.01
1552965423.19,24.04
1552966001.868,24.06
1552966581.398,24.09
1552967161.474,24.11
1552967741.364,24.13
1552968321.018,24.15
1552968900.928,24.18
1552969481.06,24.21
1552970060.869,24.24
1552970640.784,24.26
1552971220.553,24.3
1552971800.291,24.35
1552972380.5,24.38
1552972959.796,24.42
1552973539.927,24.46
1552974120.165,24.5
1552974700.506,24.56
1552975280.502,24.61
1552975860.407,24.66
1552976440.535,24.71
1552977020.528,24.77
1552977600.241,24.83
1552978180.504,24.89
1552978760.262,24.94
1552979340.11,24.99
1552979920.07,25.04
1552980499.668,25.09
1552981079.883,25.14
1552981660.291,25.18
1552982240.003,25.23
1552982819.862,25.26
1552983399.991,25.3
1552983980.114,25.35
1552984560.115,25.38
1552985140.44,25.41
1552985720.401,25.46
1552986300.823,25.49
1552986880.836,25.52
1552987460.72,25.56
1552988040.979,25.58
1552988621.805,25.58
1552989201.605,25.63
1552989781.648,25.67
1552990361.926,25.69
1552990941.935,25.7
1552991522.561,25.68
1552992101.939,25.43
1552992681.847,25.23
1552993262.242,25.12
1552993842.242,25.07
1552994421.927,25.04
1552995001.847,24.99
1552995581.274,24.91
1552996160.878,24.93
1552996741.322,24.94
1552997322.271,24.95
1552997899.55,24.95
1552998478.981,24.88
1552999056.64,24.92
1552999637.312,25
1553000217.238,25.06
1553000797.003,25.07
1553001376.689,25.02
1553001956.981,24.97
1553002537.122,24.97
1553003117.066,24.99
1553003696.72,24.97
1553004276.426,24.91
1553004856.853,24.86
1553005436.046,24.87
1553006015.694,24.89
1553006595.74,24.88
1553007175.684,24.84
1553007755.748,24.79
1553008335.834,24.78
1553008915.984,24.79
1553009496.02,24.79
1553010075.665,24.74
1553010655.413,24.66
1553011235.787,24.86
1553011815.83,24.97
1553012396.288,25.07
1553012976.419,25.13
1553013556.356,25.17
1553014136.051,25.19
1553014716.335,25.2
1553015296.234,25.19
1553015875.912,25.2
1553016455.827,25.2
1553017035.836,25.2
1553017615.794,25.21
1553018195.768,25.2
1553018775.404,25.2
1553019355.112,25.21
1553019934.727,25.21
1553020514.729,25.21
1553021094.724,25.21
1553021674.379,25.22
1553022254.388,25.22
1553022834.425,25.22
1553023414.67,25.22
1553023994.695,25.22
1553024574.612,25.21
1553025154.787,25.21
1553025734.909,25.21
1553026314.911,25.21
1553026895.034,25.25
1553027474.934,25.27
1553028055.063,25.27
1553028635.18,25.26
1553029215.29,25.26
1553029795.567,25.26
1553030375.696,25.24
1553030955.8,25.22
1553031536.017,25.21
1553032115.929,25.2
1553032695.73,25.19
1553033275.726,25.17
1553033855.492,25.16
1553034435.407,25.15
1553035015.438,25.14
1553035595.513,25.13
1553036175.493,25.13
1553036755.482,25.13
1553037335.426,25.12
1553037915.666,25.11
1553038495.505,25.11
1553039075.443,25.11
1553039655.869,25.11
1553040235.761,25.1
1553040815.845,25.1
1553041395.645,25.09
1553041975.889,25.09
1553042556.047,25.12
1553043136.049,25.12
1553043716.279,25.14
1553044296.151,25.16
1553044876.311,25.2
1553045219.167,25.13
1553045796.498,25.19
1553046371.06,25.15
1553046950.766,25.13
1553047530.685,25.12
1553048110.347,25.12
1553048690.293,25.13
1553049270.291,25.13
1553049850.612,25.13
1553050430.828,25.13
1553051010.736,25.13
1553051590.788,25.14
1553052170.733,25.14
1553052750.718,25.14
1553053330.705,25.15
1553053910.841,25.16
1553054490.988,25.16
1553055071.294,25.17
1553055650.943,25.18
1553056230.943,25.18
1553056811.408,25.19
1553057391.45,25.2
1553057971.271,25.21
1553058551.189,25.22
1553059131.096,25.22
1553059710.89,25.24
1553060291.016,25.25
1553060871.057,25.25
1553061451.368,25.26
1553062031.421,25.27
1553062611.779,25.28
1553063192.045,25.28
1553063771.919,25.3
1553064352.113,25.31
1553064932.194,25.32
1553065512.394,25.33
1553066092.399,25.34
1553066672.593,25.35
1553067252.671,25.35
1553067832.758,25.37
1553068412.508,25.38
1553068992.545,25.39
1553069572.469,25.41
1553070152.306,25.41
1553070732.377,25.43
1553071312.464,25.44
1553071893.202,25.45
1553072473.488,25.46
1553073053.752,25.48
1553073633.477,25.49
1553074213.703,25.47
1553074792.936,25.24
1553075372.668,25.07
1553075952.598,24.96
1553076533.014,24.93
1553077112.709,24.89
1553077692.499,24.82
1553078272.543,24.75
1553078852.107,24.69
1553079432.356,24.71
1553080011.935,24.7
1553080591.649,24.63
1553081171.605,24.57
1553081751.681,24.54
1553082331.777,24.57
1553082911.998,24.63
1553083491.934,24.62
1553084071.67,24.58
1553084652.057,24.6
1553085232.059,24.64
1553085812.058,24.63
1553086391.901,24.59
1553086971.954,24.53
1553087551.879,24.77
1553088132.146,25.02
1553088712.506,25.16
1553089292.973,25.25
1553089873.876,25.3
1553090452.822,25.36
1553091033.187,25.39
1553091613.236,25.39
1553092193.287,25.4
1553092773.336,25.42
1553093352.729,25.42
1553093932.582,25.47
1553094512.561,25.49
1553095092.166,25.51
1553095672.213,25.53
1553096252.2,25.53
1553096832.362,25.54
1553097412.186,25.54
1553097991.899,25.54
1553098572.314,25.57
1553099152.311,25.61
1553099732.463,25.62
1553100312.534,25.63
1553100892.723,25.63
1553101472.563,25.63
1553102052.768,25.64
1553102632.26,25.64
1553103212.199,25.63
1553103791.87,25.57
1553104371.974,25.52
1553104952.243,25.47
1553105532.335,25.44
1553106112.245,25.41
1553106691.945,25.39
1553107271.58,25.37
1553107851.694,25.35
1553108431.589,25.34
1553109011.771,25.33
1553109591.495,25.32
1553110171.25,25.31
1553110751.586,25.3
1553111331.622,25.29
1553111911.995,25.28
1553112492.076,25.27
1553113071.789,25.26
1553113651.793,25.25
1553114231.803,25.25
1553114811.508,25.25
1553115391.681,25.23
1553115971.716,25.22
1553116551.894,25.21
1553117132.206,25.21
1553117711.871,25.19
1553118292.422,25.19
1553118872.623,25.18
1553119452.503,25.16
1553120032.502,25.15
1553120612.764,25.13
1553121192.699,25.12
1553121772.546,25.11
1553122352.66,25.1
1553122932.837,25.09
1553123512.67,25.07
1553124092.508,25.06
1553124672.585,25.06
1553125252.617,25.06
1553125832.658,25.05
1553126412.687,25.05
1553126992.787,25.04
1553127572.726,25.03
1553128152.807,25.04
1553128732.474,25.05
1553129312.779,25.1
1553129892.83,25.11
1553130473.189,25.18
1553131053.156,25.23
1553131633.403,25.17
1553132213.396,25.15
1553132793.495,25.14
1553133373.654,25.15
1553133953.417,25.16
1553134533.424,25.17
1553135113.599,25.2
1553135693.9,25.21
1553136273.617,25.24
1553136853.773,25.28
1553137434.319,25.32
1553138014.566,25.34
1553138594.824,25.38
1553139175.145,25.41
1553139754.937,25.44
1553140335.372,25.49
1553140915.426,25.54
1553141495.368,25.57
1553142075.364,25.6
1553142655.503,25.66
1553143235.824,25.7
1553143815.953,25.76
1553144396.288,25.81
1553144976.387,25.87
1553145556.341,25.92
1553146136.848,25.98
1553146717.327,26.04
1553147297.36,26.1
1553147877.174,26.15
1553148457.147,26.21
1553149036.912,26.28
1553149617.19,26.34
1553150197.257,26.4
1553150777.142,26.45
1553151357.233,26.5
1553151937.822,26.55
1553152518.32,26.59
1553153098.257,26.65
1553153678.8,26.7
1553154258.641,26.75
1553154839.237,26.78
1553155419.429,26.83
1553155999.761,26.87
1553156579.799,26.92
1553157160.18,26.96
1553157740.411,27
1553158320.876,27.04
1553158901.131,27.08
1553159481.032,27.1
1553160061.38,26.96
1553160641.208,26.8
1553161220.874,26.65
1553161800.426,26.54
1553162380.565,26.45
1553162960.617,26.42
1553163540.597,26.41
1553164120.551,26.38
1553164700.82,26.29
1553165281.007,26.24
1553165860.913,26.24
1553166441.313,26.25
1553167021.309,26.23
1553167600.926,26.17
1553168180.967,26.11
1553168760.884,26.11
1553169340.838,26.12
1553169920.701,26.11
1553170500.382,26.05
1553171080.402,26.06
1553171660.707,26.09
1553172241.129,26.23
1553172821.132,26.28
1553173400.929,26.27
1553173982.848,26.23
1553174559.007,26.25
1553175139.418,26.45
1553175719.562,26.67
1553176300.099,26.8
1553176880.238,26.87
1553177460.267,26.95
1553178040.618,26.99
1553178620.667,27.01
1553179200.866,27.04
1553179781.06,27.07
1553180361.168,27.09
1553180941.276,27.12
1553181521.842,27.13
1553182101.803,27.13
1553182681.861,27.14
1553183262.113,27.16
1553183842.052,27.11
1553184422.133,27.13
1553185002.456,27.11
1553185582.864,27.14
1553186163.052,27.16
1553186743.163,27.1
1553187323.193,27.06
1553187903.478,27.04
1553188484.066,27.03
1553189064.417,27.02
1553189644.668,27.01
1553190224.882,27
1553190804.854,26.99
1553191384.86,26.95
1553191965.155,26.92
1553192544.855,26.9
1553193125.075,26.87
1553193705.273,26.88
1553194284.951,26.9
1553194865.118,26.91
1553195445.195,26.89
1553196025.473,26.89
1553196604.597,26.86
1553197185.114,26.82
1553197764.981,26.81
1553198345.386,26.8
1553198925.579,26.78
1553199505.906,26.77
1553200085.964,26.79
1553200666.315,26.76
1553201246.194,26.77
1553201826.343,26.74
1553202406.532,26.73
1553202986.498,26.71
1553203566.689,26.71
1553204146.655,26.67
1553204726.811,26.7
1553205307.012,26.69
1553205887.336,26.68
1553206467.387,26.67
1553207047.322,26.67
1553207626.857,26.68
1553208207.119,26.68
1553208787.173,26.67
1553209367.239,26.67
1553209947.078,26.66
1553210527.305,26.64
1553211107.754,26.62
1553211688.022,26.6
1553212268.303,26.59
1553212848.64,26.58
1553213428.9,26.58
1553214008.879,26.57
1553214588.952,26.57
1553215168.946,26.62
1553215749.254,26.65
1553216329.14,26.68
1553216909.206,26.71
1553217489.465,26.66
1553218069.455,26.63
1553218649.649,26.62
1553219229.365,26.63
1553219809.458,26.64
1553220389.207,26.67
1553220969.475,26.69
1553221549.412,26.72
1553222129.472,26.74
1553222709.539,26.77
1553223289.435,26.79
1553223869.42,26.82
1553224466.409,26.85
1553224471.41,26.84
1553224476.95,26.85
1553224491.633,26.85
1553224498.735,26.85
1553224539.602,26.86
1553224557.151,26.86
1553224583.54,26.88
1553224589.77,26.89
1553225149.648,27.06
1553225159.083,27.06
1553225164.544,27.05
1553225731.135,27.02
1553226310.793,26.99
1553226891.018,26.99
1553227471.271,27.01
1553228051.274,27.04
1553228631.565,27.07
1553229212.036,27.1
1553229791.017,27.13
1553230371.205,27.15
1553230951.811,27.18
1553231531.808,27.2
1553232111.963,27.23
1553232691.742,27.27
1553233271.826,27.31
1553233851.957,27.34
1553234432.443,27.37
1553235012.882,27.38
1553235592.861,27.4
1553236173.072,27.42
1553236753.27,27.43
1553237333.573,27.44
1553237913.956,27.45
1553238493.934,27.46
1553239074.478,27.46
1553239654.669,27.46
1553240234.689,27.47
1553240814.791,27.47
1553241394.931,27.47
1553241975.23,27.47
1553242555.251,27.47
1553243135.634,27.47
1553243715.642,27.47
1553244295.722,27.47
1553244875.935,27.47
1553245456.518,27.46
1553246036.728,27.47
1553246617.163,27.46
1553247196.912,27.46
1553247777.384,27.45
1553248357.627,27.44
1553248937.42,27.18
1553249517.471,27.02
1553250096.882,26.91
1553250676.925,26.81
1553251256.362,26.68
1553251836.491,26.58
1553252416.781,26.54
1553252996.52,26.52
1553253575.674,26.48
1553254155.679,26.39
1553254735.966,26.32
1553255316.306,26.29
1553255896.281,26.28
1553256476.405,26.26
1553257056.309,26.19
1553257636.248,26.11
1553258216.295,26.08
1553258796.375,26.09
1553259375.925,26.06
1553259955.736,26.06
1553260535.656,26.02
1553261115.386,26.05
1553261695.95,26.13
1553262275.862,26.17
1553262856.234,26.12
1553263434.887,26.07
1553264015.222,26.04
1553264595.617,26.06
1553265175.625,26.06
1553265755.313,26.01
1553266335.262,25.93
1553266915.756,25.89
1553267495.191,25.89
1553268075.046,25.9
1553268654.544,25.85
1553269234.162,25.77
1553269814.141,25.74
1553270394.742,25.74
1553270972.577,25.74
1553271552.305,25.69
1553272131.879,25.6
1553272712.326,25.73
1553273293.266,25.91
1553273873.222,26.03
1553274453.641,26.1
1553275033.539,26.13
1553275613.587,26.14
1553276193.917,26.14
1553276773.619,26.05
1553277353.858,26.01
1553277933.724,25.97
1553278513.945,25.94
1553279094.057,25.93
1553279674.008,25.9
1553280253.803,25.88
1553280833.669,25.87
1553281413.561,25.85
1553281993.413,25.83
1553282573.2,25.79
1553283153.087,25.78
1553283732.8,25.74
1553284312.513,25.71
1553284892.509,25.68
1553285472.351,25.65
1553286052.211,25.63
1553286632.786,25.61
1553287211.367,25.58
1553287791.581,25.55
1553288371.48,25.54
1553288951.6,25.51
1553289531.603,25.48
1553290111.486,25.46
1553290691.496,25.42
1553291271.461,25.41
1553291851.35,25.39
1553292431.414,25.36
1553293011.293,25.34
1553293591.27,25.34
1553294171.563,25.3
1553294751.767,25.28
1553295331.835,25.27
1553295911.891,25.24
1553296492.056,25.21
1553297072.262,25.19
1553297652.305,25.17
1553298231.669,25.14
1553298811.786,25.1
1553299391.401,25.07
1553299971.714,25.06
1553300551.727,25.04
1553301131.501,25
1553301711.599,24.97
1553302291.349,24.96
1553302871.292,24.93
1553303451.119,24.88
1553304031.237,24.86
1553304611.473,24.81
1553305191.23,24.75
1553305771.244,24.72
1553306351.25,24.68
1553306930.779,24.63
1553307510.987,24.67
1553308090.751,24.71
1553308670.449,24.72
1553309250.541,24.7
1553309830.677,24.67
1553310410.311,24.62
1553310990.207,24.57
1553311568.968,24.54
1553312147.681,24.5
1553312727.318,24.48
1553313307.306,24.45
1553313887.707,24.43
1553314465.889,24.41
1553315045.453,24.38
1553315625.037,24.34
1553316204.733,24.34
1553316784.371,24.31
1553317363.967,24.29
1553317943.726,24.28
1553318523.234,24.26
1553319102.867,24.22
1553319682.944,24.22
1553320262.71,24.2
1553320842.89,24.19
1553321422.267,24.17
1553322002.329,24.14
1553322580.769,24.13
1553323160.108,24.1
1553323739.705,24.09
1553324319.457,24.06
1553324898.881,24.05
1553325478.356,24.03
1553326057.734,24
1553326637.585,23.98
1553327217.171,23.96
1553327797.075,23.94
1553328376.405,23.92
1553328956.054,23.89
1553329535.661,23.89
1553330115.212,23.85
1553330695.119,23.82
1553331274.569,23.8
1553331854.135,23.64
1553332432.977,23.49
1553333012.825,23.39
1553333593.59,23.35
1553334170.664,23.3
1553334750.069,23.2
1553335328.914,23.11
1553335908.561,23.02
1553336488.766,23.03
1553337067.831,22.98
1553337647.54,22.89
1553338227.086,22.82
1553338807.602,22.76
1553339384.864,22.75
1553339964.192,22.74
1553340543.932,22.65
1553341123.078,22.56
1553341702.78,22.51
1553342282.318,22.49
1553342861.97,22.46
1553343441.328,22.39
1553344021.027,22.31
1553344600.573,22.26
1553345180.466,22.25
1553345759.857,22.24
1553346339.252,22.19
1553346918.527,22.1
1553347498.741,22.05
1553348077.186,22.04
1553348656.497,22.02
1553349235.762,21.96
1553349815.324,21.89
1553350395.222,21.83
1553350973.509,21.82
1553351552.999,21.81
1553352132.765,21.74
1553352711.282,21.66
1553353290.405,21.61
1553353870.477,21.59
1553354449.135,21.59
1553355027.29,21.52
1553355606.821,21.45
1553356185.476,21.4
1553356764.034,21.39
1553357343.802,21.39
1553357922.862,21.33
1553358502.955,21.27
1553359081.406,21.22
1553359660.656,21.25
1553360240.499,21.28
1553360820.21,21.26
1553361399.849,21.21
1553361980.683,21.33
1553362560.73,21.4
1553363140.604,21.48
1553363720.678,21.53
1553364300.663,21.56
1553364880.257,21.57
1553365460.101,21.54
1553366040.052,21.48
1553366619.513,21.45
1553367199.884,21.43
1553367779.985,21.4
1553368359.712,21.38
1553368939.368,21.35
1553369518.874,21.3
1553370098.193,21.28
1553370678.177,21.27
1553371258.216,21.23
1553371837.695,21.2
1553372417.348,21.17
1553372996.976,21.13
1553373577.136,21.09
1553374156.051,21.08
1553374735.736,21.05
1553375315.588,21.03
1553375895.604,21
1553376475.497,20.98
1553377054.817,20.94
1553377635.151,20.92
1553378214.914,20.88
1553378794.222,20.83
1553379373.896,20.81
1553379953.459,20.77
1553380533.015,20.77
1553381112.751,20.71
1553381692.946,20.71
1553382271.206,20.68
1553382851.684,20.66
1553383430.588,20.64
1553384008.91,20.62
1553384588.428,20.59
1553385168.157,20.57
1553385747.608,20.55
1553386327.267,20.52
1553386906.471,20.51
1553387486.387,20.48
1553388066.52,20.44
1553388646.269,20.43
1553389226.57,20.4
1553389805.85,20.37
1553390384.926,20.38
1553390964.629,20.37
1553391544.163,20.33
1553392123.947,20.3
1553392703.626,20.28
1553393283.172,20.27
1553393862.827,20.25
1553394442.07,20.25
1553395021.78,20.24
1553395601.049,20.23
1553396180.991,20.23
1553396761.101,20.21
1553397340.021,20.2
1553397919.74,20.18
1553398499.574,20.19
1553399079.394,20.19
1553399658.455,20.2
1553400238.28,20.22
1553400818.25,20.29
1553401398.31,20.33
1553401978.191,20.35
1553402558.204,20.38
1553403138.376,20.4
1553403717.825,20.41
1553404297.372,20.42
1553404876.372,20.42
1553405456.52,20.44
1553406036.767,20.43
1553406615.95,20.44
1553407195.986,20.44
1553407775.712,20.43
1553408355.781,20.42
1553408935.636,20.42
1553409515.368,20.4
1553410095.333,20.43
1553410674.852,20.46
1553411254.722,20.48
1553411834.512,20.49
1553412414.522,20.49
1553412995.044,20.5
1553413573.109,20.5
1553414153.167,20.5
1553414733.067,20.49
1553415312.947,20.53
1553415892.98,20.47
1553416472.951,20.47
1553417052.528,20.46
1553417633.382,20.46
1553418211.538,20.46
1553418790.272,20.48
1553419370.049,20.46
1553419949.829,20.44
1553420529.986,20.44
1553421109.979,20.44
1553421690.054,20.44
1553422270.073,20.42
1553422849.987,20.42
1553423429.493,20.41
1553424009.247,20.4
1553424588.999,20.4
1553425168.675,20.38
1553425748.211,20.38
1553426328.035,20.37
1553426907.98,20.37
1553427487.637,20.37
1553428067.572,20.32
1553428647.067,20.33
1553429226.605,20.33
1553429806.009,20.33
1553430385.354,20.33
1553430964.915,20.3
1553431544.922,20.3
1553432124.81,20.28
1553432704.693,20.29
1553433284.766,20.26
1553433864.408,20.25
1553434444.828,20.26
1553435024.718,20.22
1553435604.334,20.19
1553436184.443,20.18
1553436764.549,20.16
1553437344.272,20.15
1553437923.949,20.14
1553438503.662,20.16
1553439083.569,20.12
1553439662.997,20.09
1553440242.703,20.12
1553440822.292,20.08
1553441402.79,20.12
1553441979.825,20.12
1553442559.163,20.12
1553443138.545,20.12
1553443717.922,20.1
1553444297.752,20.09
1553444877.576,20.08
1553445457.643,20.06
1553446037.455,20.02
1553446616.737,19.99
1553447196.019,19.95
1553447775.95,19.94
1553448355.662,19.92
1553448935.369,19.91
1553449514.808,19.88
1553450094.423,19.87
1553450674.157,19.84
1553451253.978,19.84
1553451833.749,19.8
1553452413.229,19.79
1553452992.942,19.79
1553453572.736,19.76
1553454152.371,19.74
1553454731.819,19.72
1553455311.756,19.7
1553455891.648,19.69
1553456471.43,19.68
1553457051.254,19.66
1553457630.963,19.63
1553458211.182,19.63
1553458790.966,19.61
1553459370.858,19.58
1553459950.924,19.57
1553460530.851,19.56
1553461110.643,19.55
1553461690.487,19.53
1553462270.186,19.51
1553462850.325,19.5
1553463430.306,19.49
1553464010.094,19.48
1553464589.712,19.47
1553465169.716,19.44
1553465749.204,19.44
1553466329.584,19.42
1553466908.235,19.4
1553467487.771,19.39
1553468067.136,19.37
1553468646.944,19.37
1553469226.801,19.35
1553469806.954,19.34
1553470386.919,19.33
1553470966.78,19.32
1553471546.341,19.31
1553472125.649,19.29
1553472705.524,19.28
1553473285.18,19.27
1553473865.101,19.27
1553474444.767,19.26
1553475024.719,19.24
1553475604.787,19.24
1553476184.519,19.24
1553476764.273,19.23
1553477343.767,19.22
1553477923.329,19.23
1553478502.837,19.22
1553479082.603,19.22
1553479662.423,19.22
1553480242.191,19.21
1553480822.156,19.21
1553481401.477,19.21
1553481981.202,19.22
1553482560.804,19.22
1553483140.493,19.23
1553483720.355,19.25
1553484300.076,19.25
1553484879.762,19.26
1553485459.883,19.28
1553486039.914,19.29
1553486619.697,19.3
1553487199.484,19.34
1553487779.194,19.37
1553488359.214,19.4
1553488939.404,19.44
1553489518.92,19.46
1553490098.868,19.48
1553490678.599,19.52
1553491258.276,19.53
1553491837.938,19.59
1553492418.018,19.61
1553492997.613,19.63
1553493577.673,19.76
1553494157.808,19.87
1553494738.007,19.96
1553495318.51,20.02
1553495897.209,20.09
1553496477.121,20.14
1553497057.302,20.2
1553497636.143,20.26
1553498215.903,20.29
1553498795.977,20.33
1553499375.857,20.34
1553499956.298,20.39
1553500535.285,20.46
1553501114.81,20.52
1553501694.66,20.57
1553502274.181,20.61
1553502853.828,20.65
1553503434.252,20.69
1553504014.331,20.73
1553504594.326,20.77
1553505174.682,20.8
1553505754.622,20.83
1553506334.416,20.88
1553506914.913,20.93
1553507494.068,20.96
1553508074.174,21.01
1553508654.249,21.03
1553509240.337,21.06
1553509811.509,21.1
1553510391.758,21.12
1553510969.869,21.14
1553511549.719,21.18
1553512129.556,21.21
1553512709.51,21.24
1553513289.365,21.26
1553513874.867,21.28
1553514447.011,21.31
1553515025.369,21.33
1553515605.311,21.35
1553516184.728,21.36
1553516764.349,21.4
1553517344.37,21.41
1553517924.324,21.45
1553518504.082,21.46
1553519083.631,21.49
1553519663.047,21.51
1553520243.105,21.52
1553520823.22,21.53
1553521402.947,21.55
1553521982.873,21.56
1553522562.871,21.57
1553523142.635,21.58
1553523721.93,21.6
1553524302.041,21.62
1553524881.383,21.63
1553525461.36,21.63
1553526041.179,21.65
1553526620.999,21.68
1553527200.87,21.69
1553527780.653,21.7
1553528360.697,21.69
1553528940.655,21.72
1553529520.758,21.73
1553530100.8,21.75
1553530680.913,21.76
1553531261.132,21.78
1553531840.16,21.79
1553532420.174,21.8
1553533000.409,21.81
1553533580.341,21.81
1553534160.453,21.82
1553534740.245,21.83
1553535320.163,21.8
1553535900.069,21.77
1553536480.015,21.73
1553537060.187,21.71
1553537640.3,21.68
1553538225.897,21.67
1553538233.087,21.68
1553538826.502,21.68
1553538862.79,21.68
1553538903.807,21.68
1553538914.764,21.69
1553538917.399,21.7
1553539488.493,21.81
1553539503.406,21.81
1553540067.454,21.76
1553540647.255,21.7
1553541226.946,21.67
1553541806.54,21.65
1553542386.603,21.64
1553542966.26,21.63
1553543546.165,21.63
1553544126.033,21.61
1553544705.76,21.62
1553545285.656,21.62
1553545865.498,21.61
1553546445.29,21.62
1553547025.081,21.63
1553547604.879,21.61
1553548184.721,21.61
1553548764.575,21.62
1553549344.42,21.6
1553549924.357,21.6
1553550504.003,21.59
1553551084.176,21.59
1553551664.221,21.59
1553552243.838,21.59
1553552823.925,21.59
1553553404.134,21.59
1553553984.422,21.59
1553554564.245,21.58
1553555144.437,21.57
1553555724.34,21.57
1553556304.168,21.56
1553556883.558,21.56
1553557463.599,21.56
1553558043.649,21.56
1553558623.624,21.55
1553559203.124,21.56
1553559782.925,21.56
1553560362.983,21.57
1553560942.869,21.6
1553561522.264,21.61
1553562102.21,21.67
1553562681.94,21.68
1553563262.181,21.63
1553563841.729,21.6
1553564421.708,21.6
1553565001.429,21.59
1553565581.101,21.6
1553566160.943,21.6
1553566740.969,21.61
1553567320.428,21.62
1553567900.175,21.63
1553568479.781,21.65
1553569059.646,21.66
1553569639.415,21.68
1553570218.979,21.7
1553570799.083,21.72
1553571379.184,21.74
1553571959.042,21.77
1553572538.743,21.79
1553573118.864,21.82
1553573698.748,21.84
1553574278.807,21.86
1553574858.719,21.89
1553575438.412,21.92
1553576018.313,21.94
1553576598.114,21.97
1553577177.993,22
1553577757.872,22.03
1553578337.536,22.06
1553578917.777,22.09
1553579497.981,22.12
1553580077.908,22.17
1553580657.897,22.2
1553581238.049,22.24
1553581818.336,22.27
1553582398.112,22.31
1553582977.623,22.35
1553583557.466,22.37
1553584232.184,22.42
1553584248.482,22.42
1553584256.908,22.44
1553584329.382,22.42
1553584330.552,22.43
1553584350.278,22.44
1553584827.948,22.61
1553584832.045,22.61
1553584853.557,22.61
1553585401.707,22.59
1553585977.476,22.57
1553586554.038,22.58
1553587131.739,22.59
1553587712.137,22.62
1553588291.834,22.64
1553588871.966,22.67
1553589452.209,22.69
1553590032.221,22.71
1553590612.041,22.74
1553591192.162,22.76
1553591772.103,22.79
1553592352.315,22.81
1553592932.405,22.83
1553593512.139,22.84
1553594092.07,22.86
1553594671.05,22.62
1553595251.231,22.5
1553595831.248,22.48
1553596411.066,22.48
1553596990.541,22.44
1553597570.49,22.39
1553598150.119,22.34
1553598730.186,22.34
1553599310.313,22.36
1553599890.088,22.35
1553600469.912,22.29
1553601049.494,22.26
1553601629.701,22.28
1553602209.809,22.36
1553602789.519,22.4
1553603369.566,22.37
1553603949.669,22.34
1553604529.405,22.35
1553605109.039,22.38
1553605688.581,22.38
1553606268.851,22.59
1553606849.619,22.77
1553607429.437,22.87
1553608009.499,22.93
1553608589.431,22.97
1553609169.206,23.03
1553609749.025,23.06
1553610329.214,23.1
1553610908.862,23.12
1553611488.951,23.14
1553612068.601,23.14
1553612648.448,23.18
1553613228.405,23.2
1553613808.515,23.22
1553614388.446,23.23
1553614968.609,23.25
1553615548.921,23.26
1553616128.631,23.27
1553616708.499,23.28
1553617288.487,23.29
1553617868.55,23.3
1553618448.323,23.31
1553619028.365,23.32
1553619608.05,23.31
1553620187.987,23.25
1553620767.83,23.2
1553621347.415,23.18
1553621927.287,23.16
1553622507.206,23.15
1553623087.412,23.14
1553623667.562,23.13
1553624247.574,23.11
1553624827.512,23.08
1553625407.671,23.05
1553625987.578,23.05
1553626567.901,23.04
1553627147.651,23.03
1553627727.917,23.01
1553628306.743,23.02
1553628886.72,23.01
1553629466.43,23
1553630046.538,23
1553630626.454,22.99
1553631206.453,22.98
1553631785.986,22.98
1553632365.829,22.98
1553632945.556,22.97
1553633525.388,22.97
1553634105.039,22.96
1553634685.133,22.95
1553635264.928,22.94
1553635844.498,22.94
1553636424.961,22.94
1553637005.009,22.93
1553637584.915,22.93
1553638164.735,22.92
1553638744.936,22.91
1553639324.901,22.91
1553639905.021,22.91
1553640484.795,22.9
1553641065.132,22.88
1553641644.953,22.88
1553642224.898,22.87
1553642805.114,22.87
1553643384.805,22.86
1553643964.752,22.84
1553644544.866,22.86
1553645125.056,22.85
1553645704.667,22.83
1553646284.678,22.83
1553646864.598,22.83
1553647444.158,22.83
1553648024.147,22.83
1553648603.969,22.85
1553649184.056,22.87
1553649764.436,22.88
1553650344.171,22.83
1553650924.162,22.81
1553651504.35,22.8
1553652084.218,22.79
1553652664.617,22.8
1553653244.384,22.81
1553653823.955,22.81
1553654403.761,22.83
1553654983.568,22.85
1553655563.546,22.87
1553656143.475,22.89
1553656723.246,22.91
1553657302.925,22.95
1553657883.197,22.97
1553658463.495,23.01
1553659043.559,23.04
1553659623.274,23.1
1553660203.404,23.14
1553660783.593,23.18
1553661363.642,23.23
1553661943.23,23.28
1553662523.409,23.32
1553663103.642,23.38
1553663683.915,23.45
1553664263.427,23.53
1553664843.602,23.58
1553665423.651,23.64
1553666003.595,23.7
1553666583.781,23.74
1553667163.667,23.79
1553667743.836,23.84
1553668323.598,23.89
1553668903.745,23.93
1553669483.572,23.95
1553670063.405,23.98
1553670643.499,24.02
1553671223.653,24.05
1553671803.573,24.09
1553672383.377,24.12
1553672963.431,24.15
1553673543.156,24.18
1553674123.683,24.21
1553674703.342,24.23
1553675283.263,24.26
1553675863.267,24.29
1553676443.526,24.32
1553677023.614,24.34
1553677603.604,24.38
1553678183.336,24.41
1553678763.078,24.26
1553679342.348,24.12
1553679922.124,23.99
1553680501.764,23.87
1553681081.952,23.79
1553681661.792,23.78
1553682241.455,23.85
1553682821.164,23.81
1553683401.11,23.79
1553683980.916,23.72
1553684560.464,23.7
1553685140.452,23.76
1553685720.322,23.73
1553686300.187,23.73
1553686880.373,23.7
1553687460.363,23.68
1553688040.443,23.68
1553688619.899,23.72
1553689199.767,23.7
1553689779.186,23.66
1553690359.396,23.71
1553690939.293,23.84
1553691519.027,23.93
1553692098.555,23.93
1553692678.591,23.91
1553693258.819,23.93
1553693838.658,23.96
1553694418.331,23.98
1553694998.214,23.95
1553695577.978,23.91
1553696158.14,23.9
1553696737.683,23.89
1553697317.726,23.9
1553697897.851,23.92
1553698477.505,23.86
1553699057.47,23.83
1553699637.763,23.88
1553700216.844,23.89
1553700796.463,23.91
1553701376.397,23.85
1553701956.43,23.82
1553702536.421,23.82
1553703116.399,23.88
1553703696.054,23.81
1553704275.815,23.8
1553704855.442,23.79
1553705434.941,23.78
1553706015.569,23.82
1553706595.552,23.89
1553707175.955,24.1
1553707756.446,24.22
1553708336.287,24.29
1553708916.3,24.26
1553709496.366,24.26
1553710076.469,24.23
1553710656.522,24.21
1553711237.197,24.2
1553711817.261,24.2
1553712397.365,24.21
1553712977.671,24.21
1553713557.899,24.22
1553714137.349,24.22
1553714717.242,24.22
1553715297.274,24.24
1553715877.066,24.24
1553716456.894,24.24
1553717036.831,24.24
1553717617.111,24.24
1553718197.421,24.24
1553718777.453,24.25
1553719357.353,24.26
1553719937.47,24.26
1553720517.838,24.27
1553721097.927,24.3
1553721677.971,24.27
1553722257.952,24.27
1553722838.498,24.26
1553723418.521,24.26
1553723998.892,24.27
1553724579.044,24.28
1553725158.582,24.25
1553725738.822,24.24
1553726318.708,24.23
1553726898.643,24.22
1553727478.682,24.23
1553728058.555,24.23
1553728638.571,24.22
1553729218.537,24.23
1553729798.565,24.22
1553730378.508,24.22
1553730958.71,24.22
1553731538.44,24.24
1553732118.261,24.25
1553732698.265,24.25
1553733277.825,24.3
1553733857.689,24.29
1553734437.909,24.34
1553735018.376,24.43
1553735160.392,24.36
1553735734.265,24.39
1553736313.829,24.37
1553736894.033,24.36
1553737473.819,24.36
1553738053.651,24.37
1553738633.389,24.39
1553739213.598,24.4
1553739793.569,24.42
1553740373.247,24.44
1553740953.299,24.46
1553741533.533,24.49
1553742113.449,24.51
1553742693.588,24.54
1553743273.156,24.56
1553743853.404,24.6
1553744433.389,24.63
1553745013.599,24.67
1553745593.301,24.71
1553746173.601,24.74
1553746753.32,24.76
1553747333.435,24.82
1553747913.504,24.85
1553748493.85,24.91
1553749073.677,24.96
1553749653.713,25.02
1553750233.556,25.06
1553750813.722,25.11
1553751393.839,25.15
1553751973.721,25.2
1553752553.874,25.25
1553753133.629,25.29
1553753713.59,25.33
1553754293.737,25.38
1553754874.083,25.42
1553755454.4,25.47
1553756034.219,25.51
1553756614.394,25.56
1553757194.406,25.6
1553757774.926,25.63
1553758355.3,25.68
1553758935.427,25.72
1553759515.619,25.76
1553760095.688,25.79
1553760675.667,25.83
1553761255.745,25.87
1553761835.679,25.9
1553762416.093,25.93
1553762996.277,25.96
1553763576.396,25.98
1553764156.439,25.95
1553764735.821,25.76
1553765315.141,25.64
1553765894.811,25.54
1553766474.829,25.52
1553767054.416,25.52
1553767634.219,25.5
1553768213.922,25.44
1553768793.669,25.41
1553769373.716,25.42
1553769953.687,25.42
1553770533.732,25.42
1553771113.49,25.38
1553771693.152,25.34
1553772273.454,25.34
1553772853.407,25.36
1553773433.295,25.36
1553774013.079,25.32
1553774593.003,25.28
1553775173.122,25.27
1553775752.695,25.29
1553776332.693,25.31
1553776912.619,25.24
1553777492.8,25.17
1553778072.77,25.18
1553778653.262,25.44
1553779233.798,25.63
1553779813.913,25.75
1553780394.266,25.82
1553780974.048,25.86
1553781553.997,25.91
1553782134.06,25.94
1553782714.324,25.96
1553783294.448,25.99
1553783874.698,26.01
1553784454.466,26.02
1553785034.592,26.08
1553785615.325,26.14
1553786195.514,26.18
1553786775.471,26.21
1553787355.46,26.22
1553787935.598,26.24
1553788515.464,26.26
1553789095.497,26.27
1553789675.624,26.29
1553790255.907,26.3
1553790836.085,26.32
1553791416.508,26.33
1553791995.544,26.27
1553792575.723,26.22
1553793155.57,26.2
1553793735.574,26.18
1553794315.871,26.17
1553794895.887,26.18
1553795475.496,26.18
1553796055.436,26.17
1553796679.518,26.17
1553797267.126,26.2
1553797833.507,26.19
1553798413.38,26.13
1553798993.287,26.08
1553799573.42,26.06
1553800153.305,26.04
1553800733.613,26.03
1553801313.631,26.02
1553801893.697,26
1553802473.881,26
1553803054.274,26.03
1553803634.026,26.04
1553804213.977,26.03
1553804794.03,26.02
1553805374.288,26.02
1553805954.241,26
1553806534.126,26.01
1553807114.008,26.01
1553807694.433,26.04
1553808274.333,25.98
1553808854.54,25.95
1553809434.737,25.94
1553810014.746,25.93
1553810594.852,25.91
1553811174.5,25.91
1553811754.865,25.9
1553812335.072,25.92
1553812915.211,25.93
1553813494.825,25.91
1553814074.582,25.91
1553814654.749,25.89
1553815234.811,25.87
1553815814.861,25.87
1553816394.75,25.87
1553816974.83,25.85
1553817554.669,25.85
1553818134.787,25.83
1553818714.78,25.82
1553819294.65,25.82
1553819874.866,25.83
1553820455.094,25.83
1553821035.244,25.84
1553821615.377,25.88
1553822195.427,25.9
1553822775.604,25.86
1553823355.809,25.83
1553823935.938,25.81
1553824515.629,25.82
1553825095.652,25.82
1553825675.827,25.83
1553826255.886,25.83
1553826836.113,25.84
1553827416.316,25.84
1553827996.279,25.85
1553828576.514,25.86
1553829156.653,25.87
1553829737.023,25.87
1553830317.059,25.88
1553830897.318,25.9
1553831477.429,25.91
1553832058.515,25.92
1553832636.066,25.93
1553833216.401,25.95
1553833796.512,25.97
1553834376.842,25.97
1553834956.945,26
1553835537.092,26.01
1553836117.419,26.03
1553836697.275,26.05
1553837277.531,26.08
1553837857.786,26.1
1553838437.618,26.12
1553839019.613,26.13
1553839595.985,26.15
1553840175.823,26.16
1553840755.983,26.18
1553841336.074,26.2
1553841916.205,26.21
1553842496.505,26.21
1553843076.21,26.22
1553843656.43,26.22
1553844236.383,26.22
1553844816.591,26.21
1553845397.012,26.21
1553845976.966,26.21
1553846556.905,26.2
1553847137.294,26.2
1553847717.167,26.19
1553848297.207,26.18
1553848877.4,26.17
1553849457.538,26.16
1553850037.692,26.15
1553850617.681,26.13
1553851197.705,26.11
1553851777.477,25.83
1553852357.374,25.62
1553852937.474,25.53
1553853517.367,25.45
1553854097.022,25.37
1553854676.683,25.25
1553855256.48,25.17
1553855836.097,25.13
1553856415.669,25.11
1553856995.533,25.07
1553857575.473,24.98
1553858155.473,24.91
1553858735.611,24.89
1553859315.407,24.89
1553859895.251,24.86
1553860474.788,24.79
1553861054.688,24.71
1553861634.949,24.71
1553862215.056,24.74
1553862794.818,24.76
1553863374.684,24.7
1553863954.985,24.65
1553864535.014,24.63
1553865115.372,24.71
1553865695.551,24.8
1553866275.329,24.76
1553866855.413,24.73
1553867435.525,24.73
1553868015.525,24.75
1553868595.33,24.77
1553869174.927,24.71
1553869754.75,24.65
1553870334.616,24.62
1553870914.665,24.63
1553871494.852,24.64
1553872074.538,24.58
1553872655.265,24.52
1553873234.362,24.51
1553873814.533,24.53
1553874394.173,24.52
1553874973.998,24.54
1553875553.86,24.47
1553876133.819,24.45
1553876714.08,24.5
1553877294.114,24.51
1553877873.91,24.5
1553878454.344,24.71
1553879035.381,24.82
1553879613.617,24.88
1553880193.714,24.92
1553880773.784,24.95
1553881353.701,24.95
1553881933.751,24.97
1553882513.229,24.98
1553883093.391,24.99
1553883673.243,24.99
1553884253.425,25
1553884833.426,25.01
1553885413.624,25
1553885993.824,25
1553886573.614,24.98
1553887153.285,24.98
1553887733.382,24.96
1553888313.162,24.89
1553888893.024,24.83
1553889472.788,24.8
1553890052.424,24.77
1553890632.316,24.74
1553891211.791,24.73
1553891791.618,24.71
1553892371.262,24.69
1553892951.18,24.67
1553893530.767,24.66
1553894110.484,24.64
1553894690.878,24.62
1553895271.104,24.61
1553895850.992,24.59
1553896431.171,24.56
1553897010.937,24.55
1553897590.801,24.54
1553898170.888,24.51
1553898750.845,24.49
1553899330.58,24.49
1553899910.143,24.47
1553900490.223,24.45
1553901069.925,24.45
1553901650.347,24.44
1553902230.005,24.43
1553902810.298,24.42
1553903390.407,24.4
1553903970.348,24.38
1553904550.252,24.37
1553905130.265,24.37
1553905710.076,24.37
1553906290.013,24.36
1553906870.272,24.35
1553907450.193,24.34
1553908030.459,24.33
1553908610.487,24.34
1553909190.474,24.35
1553909770.632,24.37
1553910350.542,24.24
1553910930.192,24.15
1553911510.13,24.13
1553912089.734,24.09
1553912669.389,24.04
1553913249.16,24.04
1553913829.452,24.09
1553914409.726,24.23
1553914989.979,24.38
1553915570.386,24.48
1553916150.668,24.56
1553916730.665,24.63
1553917310.661,24.71
1553917890.967,24.79
1553918470.884,24.87
1553919051.148,24.95
1553919631.128,25.04
1553920211.411,25.1
1553920791.469,25.18
1553921371.609,25.26
1553921951.784,25.34
1553922531.945,25.44
1553923111.836,25.48
1553923692.022,25.56
1553924272.021,25.64
1553924852.128,25.7
1553925431.993,25.81
1553926012.537,25.89
1553926592.523,25.98
1553927172.775,26.05
1553927753.354,26.12
1553928333.556,26.21
1553928913.465,26.28
1553929493.785,26.34
1553930073.973,26.43
1553930654.438,26.48
1553931234.619,26.54
1553931814.716,26.6
1553932394.882,26.68
1553932975.054,26.74
1553933554.974,26.79
1553934135.029,26.85
1553934715.568,26.92
1553935294.976,26.85
1553935874.709,26.75
1553936454.962,26.69
1553937035.38,26.7
1553937615.281,26.73
1553938194.793,26.71
1553938774.656,26.7
1553939354.73,26.61
1553939934.449,26.7
1553940514.413,26.73
1553941094.143,26.66
1553941673.614,26.55
1553942253.442,26.45
1553942833.636,26.55
1553943413.734,26.68
1553943993.798,26.73
1553944573.429,26.7
1553945153.598,26.65
1553945733.594,26.68
1553946313.743,26.71
1553946893.304,26.74
1553947472.853,26.7
1553948052.851,26.64
1553948632.953,26.64
1553949212.922,26.66
1553949793.147,26.7
1553950372.703,26.64
1553950952.917,26.57
1553951533.073,26.58
1553952112.973,26.6
1553952692.736,26.6
1553953271.969,26.56
1553953851.989,26.5
1553954432.222,26.48
1553955012.425,26.51
1553955592.452,26.52
1553956172.176,26.48
1553956752.293,26.43
1553957332.635,26.42
1553957912.651,26.44
1553958492.702,26.43
1553959072.725,26.41
1553959652.692,26.35
1553960232.649,26.32
1553960812.678,26.35
1553961392.338,26.32
1553961972.801,26.2
1553962551.469,26.16
1553963131.613,26.17
1553963712.079,26.21
1553964292.2,26.24
1553964871.715,26.22
1553965451.431,26.16
1553966031.479,26.12
1553966611.708,26.13
1553967191.318,26.14
1553967771.571,26.13
1553968351.091,26.06
1553968931.228,26.03
1553969511.124,26.03
1553970091.357,26.16
1553970671.903,26.3
1553971252.142,26.39
1553971832.128,26.42
1553972412.767,26.46
1553972993.048,26.48
1553973573.232,26.51
1553974153.281,26.53
1553974733.138,26.54
1553975313.373,26.55
1553975893.343,26.55
1553976473.383,26.54
1553977053.428,26.55
1553977633.245,26.55
1553978213.523,26.55
1553978794.03,26.55
1553979373.656,26.57
1553979953.998,26.58
1553980534.033,26.57
1553981113.863,26.56
1553981694.076,26.59
1553982274.274,26.59
1553982854.468,26.58
1553983434.784,26.59
1553984014.702,26.58
1553984594.373,26.57
1553985174.308,26.57
1553985754.419,26.58
1553986334.299,26.58
1553986914.497,26.57
1553987494.345,26.57
1553988074.442,26.58
1553988654.701,26.54
1553989234.59,26.53
1553989814.398,26.52
1553990394.36,26.5
1553990974.476,26.5
1553991554.677,26.49
1553992134.601,26.5
1553992714.568,26.5
1553993294.837,26.49
1553993874.449,26.49
1553994454.758,26.51
1553995034.965,26.52
1553995614.972,26.53
1553996194.751,26.5
1553996773.818,26.23
1553997353.669,26.03
1553997933.781,25.92
1553998513.488,25.89
1553999093.557,25.86
1553999673.211,25.85
1554000253.846,26.09
1554000834.36,26.23
1554001414.751,26.33
1554001995.266,26.42
1554002575.662,26.47
1554003155.803,26.52
1554003736.188,26.56
1554004316.229,26.62
1554004896.373,26.68
1554005476.287,26.72
1554006056.379,26.75
1554006636.457,26.79
1554007216.372,26.86
1554007796.481,26.93
1554008376.573,26.99
1554008956.893,27.01
1554009536.693,27.03
1554010116.921,27.08
1554010697.236,27.1
1554011277.356,27.11
1554011857.689,27.13
1554012437.834,27.14
1554013018.097,27.16
1554013598.356,27.16
1554014178.576,27.17
1554014758.704,27.17
1554015338.977,27.18
1554015919.06,27.18
1554016499.277,27.19
1554017079.291,27.19
1554017659.405,27.18
1554018239.549,27.19
1554018819.428,27.14
1554019399.512,27.12
1554019979.623,27.11
1554020559.502,27.11
1554021139.794,27.11
1554021720.203,27.11
1554022300.074,27.12
1554022880.215,27.11
1554023460.18,27.12
1554024040.481,27.16
1554024621.103,27.21
1554025201.108,27.23
1554025781.207,27.17
1554026361.194,27.13
1554026941.293,27.19
1554027521.39,27.26
1554028101.603,27.29
1554028682.02,27.3
1554029262.052,27.13
1554029842.179,27.01
1554030420.984,26.92
1554031001.225,26.79
1554031581.421,26.69
1554032161.573,26.66
1554032741.603,26.66
1554033321.554,26.6
1554033901.355,26.53
1554034481.074,26.46
1554035061.232,26.47
1554035641.475,26.46
1554036221.123,26.44
1554036801.449,26.65
1554037381.288,26.75
1554037961.276,26.82
1554038541.309,26.78
1554039121.401,26.82
1554039701.549,26.86
1554040281.213,26.88
1554040861.726,26.88
1554041441.931,26.89
1554042021.999,26.89
1554042602.445,26.88
1554043182.38,26.89
1554043762.561,26.88
1554044342.78,26.87
1554044922.24,26.86
1554045501.834,26.86
1554046081.873,26.84
1554046662.013,26.83
1554047241.086,26.82
1554047821.03,26.81
