Timestamp,Temperature
1535760600,29.124833333333335
1535761200,29.12833333333333
1535761800,29.1445
1535762400,29.174000000000007
1535763000,29.195
1535763600,29.109
1535764200,29.118333333333332
1535764800,29.13883333333333
1535765400,29.117499999999996
1535766000,29.0645
1535766600,28.939666666666664
1535767200,28.927666666666664
1535767800,28.92883333333333
1535768400,28.927833333333332
1535769000,28.884000000000004
1535769600,28.794500000000006
1535770200,28.772166666666664
1535770800,28.798166666666667
1535771400,28.76666666666667
1535772000,28.758666666666663
1535772600,28.761333333333333
1535773200,28.754333333333328
1535773800,28.7435
1535774400,28.72983333333333
1535775000,28.694500000000005
1535775600,28.5765
1535776200,28.625166666666672
1535776800,28.649166666666666
1535777400,28.6235
1535778000,28.5985
1535778600,28.58566666666667
1535779200,28.5765
1535779800,28.565999999999995
1535780400,28.583500000000004
1535781000,28.584000000000003
1535781600,28.577999999999996
1535782200,28.576999999999998
1535782800,28.553499999999996
1535783400,28.488500000000005
1535784000,28.553499999999996
1535784600,28.579500000000003
1535785200,28.591499999999996
1535785800,28.605999999999995
1535786400,28.6055
1535787000,28.5945
1535787600,28.611499999999996
1535788200,28.629
1535788800,28.617
1535789400,28.640500000000003
1535790000,28.6505
1535790600,28.65
1535791200,28.6565
1535791800,28.6815
1535792400,28.639999999999997
1535793000,28.611500000000007
1535793600,28.669999999999998
1535794200,28.704499999999996
1535794800,28.732
1535795400,28.728500000000004
1535796000,28.702499999999997
1535796600,28.608999999999998
1535797200,28.584999999999997
1535797800,28.5875
1535798400,28.575
1535799000,28.558
1535799600,28.5445
1535800200,28.618000000000002
1535800800,28.655
1535801400,28.6575
1535802000,28.618999999999993
1535802600,28.707500000000003
1535803200,28.732999999999997
1535803800,28.7125
1535804400,28.714500000000005
1535805000,28.713500000000003
1535805600,28.690499999999997
1535806200,28.6735
1535806800,28.665
1535807400,28.6755
1535808000,28.6685
1535808600,28.679000000000002
1535809200,28.664500000000004
1535809800,28.596000000000004
1535810400,28.572833333333328
1535811000,28.55583333333333
1535811600,28.555833333333332
1535812200,28.569833333333328
1535812800,28.56983333333334
1535813400,28.582500000000003
1535814000,28.575333333333326
1535814600,28.556
1535815200,28.530999999999995
1535815800,28.532
1535816400,28.520333333333333
1535817000,28.51733333333334
1535817600,28.51066666666667
1535818200,28.492833333333333
1535818800,28.504
1535819400,28.483333333333338
1535820000,28.469666666666665
1535820600,28.469666666666672
1535821200,28.467666666666666
1535821800,28.455166666666667
1535822400,28.452000000000005
1535823000,28.409166666666664
1535823600,28.329
1535824200,28.27333333333333
1535824800,28.222999999999995
1535825400,28.216500000000003
1535826000,28.392500000000002
1535826600,28.5205
1535827200,28.599666666666668
1535827800,28.663000000000004
1535828400,28.70283333333333
1535829000,28.736
1535829600,28.76066666666667
1535830200,28.795000000000005
1535830800,28.810499999999998
1535831400,28.8285
1535832000,28.85233333333333
1535832600,28.867500000000007
1535833200,28.8765
1535833800,28.900000000000006
1535834400,28.918500000000005
1535835000,28.92766666666667
1535835600,28.93416666666667
1535836200,28.947166666666664
1535836800,28.95116666666666
1535837400,28.959500000000002
1535838000,28.961000000000002
1535838600,28.969666666666665
1535839200,28.97016666666667
1535839800,28.982166666666664
1535840400,28.987000000000005
1535841000,28.989000000000004
1535841600,28.98733333333334
1535842200,28.989833333333337
1535842800,28.996333333333336
1535843400,28.983333333333338
1535844000,28.758000000000003
1535844600,28.600166666666667
1535845200,28.505333333333333
1535845800,28.4415
1535846400,28.385
1535847000,28.333000000000006
1535847600,28.29933333333333
1535848200,28.256
1535848800,28.23583333333333
1535849400,28.2175
1535850000,28.201666666666664
1535850600,28.1815
1535851200,28.16166666666667
1535851800,28.231833333333334
1535852400,28.310666666666663
1535853000,28.336000000000002
1535853600,28.316333333333336
1535854200,28.40866666666667
1535854800,28.362666666666666
1535855400,28.295666666666666
1535856000,28.25733333333334
1535856600,28.237000000000002
1535857200,28.225666666666665
1535857800,28.21
1535858400,28.201833333333333
1535859000,28.19683333333333
1535859600,28.208500000000004
1535860200,28.219000000000005
1535860800,28.211666666666673
1535861400,28.213166666666666
1535862000,28.214499999999997
1535862600,28.216166666666663
1535863200,28.249333333333333
1535863800,28.268333333333334
1535864400,28.274333333333335
1535865000,28.271000000000004
1535865600,28.266833333333334
1535866200,28.264499999999998
1535866800,28.262166666666666
1535867400,28.27983333333333
1535868000,28.287333333333333
1535868600,28.282333333333334
1535869200,28.271500000000003
1535869800,28.2665
1535870400,28.249833333333335
1535871000,28.246999999999996
1535871600,28.232
1535872200,28.22
1535872800,28.203666666666663
1535873400,28.186666666666667
1535874000,28.19666666666667
1535874600,28.19016666666667
1535875200,28.18966666666667
1535875800,28.17083333333333
1535876400,28.152499999999996
1535877000,28.145999999999997
1535877600,28.138166666666667
1535878200,28.140666666666668
1535878800,28.18566666666667
1535879400,28.222833333333334
1535880000,28.22733333333333
1535880600,28.23383333333333
1535881200,28.246000000000002
1535881800,28.346166666666665
1535882400,28.40933333333333
1535883000,28.441166666666668
1535883600,28.43766666666666
1535884200,28.444499999999998
1535884800,28.4415
1535885400,28.4835
1535886000,28.5245
1535886600,28.556166666666673
1535887200,28.523833333333336
1535887800,28.586000000000002
1535888400,28.595
1535889000,28.582000000000004
1535889600,28.532166666666665
1535890200,28.395999999999997
1535890800,28.333
1535891400,28.289499999999993
1535892000,28.2745
1535892600,28.26
1535893200,28.248
1535893800,28.2395
1535894400,28.306
1535895000,28.337
1535895600,28.3485
1535896200,28.353999999999996
1535896800,28.3525
1535897400,28.349
1535898000,28.338
1535898600,28.340500000000002
1535899200,28.339999999999996
1535899800,28.333999999999996
1535900400,28.3315
1535901000,28.318500000000007
1535901600,28.3025
1535902200,28.291999999999994
1535902800,28.341499999999996
1535903400,28.394999999999992
1535904000,28.379499999999997
1535904600,28.3005
1535905200,28.192500000000003
1535905800,28.160000000000004
1535906400,28.137999999999998
1535907000,28.107
1535907600,28.092499999999994
1535908200,28.0665
1535908800,28.049500000000002
1535909400,28.052000000000003
1535910000,28.205833333333327
1535910600,28.30933333333333
1535911200,28.392500000000002
1535911800,28.50683333333334
1535912400,28.574
1535913000,28.62233333333333
1535913600,28.662333333333333
1535914200,28.693166666666663
1535914800,28.711166666666667
1535915400,28.72833333333333
1535916000,28.74616666666667
1535916600,28.757666666666665
1535917200,28.768333333333334
1535917800,28.7765
1535918400,28.788333333333334
1535919000,28.798166666666667
1535919600,28.809666666666665
1535920200,28.820833333333333
1535920800,28.82166666666666
1535921400,28.82716666666666
1535922000,28.828666666666656
1535922600,28.84066666666667
1535923200,28.846833333333336
1535923800,28.853833333333334
1535924400,28.857999999999997
1535925000,28.864500000000003
1535925600,28.861
1535926200,28.865500000000004
1535926800,28.87116666666667
1535927400,28.87016666666667
1535928000,28.88116666666666
1535928600,28.88766666666666
1535929200,28.884999999999998
1535929800,28.881
1535930400,28.886499999999995
1535931000,28.892000000000003
1535931600,28.694
1535932200,28.514499999999998
1535932800,28.425
1535933400,28.3545
1535934000,28.311999999999994
1535934600,28.332499999999992
1535935200,28.405
1535935800,28.4195
1535936400,28.380000000000003
1535937000,28.380000000000003
1535937600,28.380000000000003
1535938200,28.380000000000003
1535938800,28.380000000000003
1535939400,28.380000000000003
1535940000,28.380000000000003
1535940600,28.380000000000003
1535941200,28.380000000000003
1535941800,28.380000000000003
1535942400,28.380000000000003
1535943000,28.380000000000003
1535943600,28.380000000000003
1535944200,28.380000000000003
1535944800,28.380000000000003
1535945400,28.380000000000003
1535946000,28.380000000000003
1535946600,28.380000000000003
1535947200,28.380000000000003
1535947800,28.380000000000003
1535948400,28.380000000000003
1535949000,28.380000000000003
1535949600,28.380000000000003
1535950200,28.380000000000003
1535950800,28.380000000000003
1535951400,28.380000000000003
1535952000,28.380000000000003
1535952600,28.380000000000003
1535953200,28.380000000000003
1535953800,28.380000000000003
1535954400,28.380000000000003
1535955000,28.380000000000003
1535955600,28.380000000000003
1535956200,28.380000000000003
1535956800,28.380000000000003
1535957400,28.380000000000003
1535958000,28.380000000000003
1535958600,28.380000000000003
1535959200,28.380000000000003
1535959800,28.380000000000003
1535960400,28.380000000000003
1535961000,28.380000000000003
1535961600,28.380000000000003
1535962200,28.380000000000003
1535962800,28.380000000000003
1535963400,28.380000000000003
1535964000,28.380000000000003
1535964600,28.380000000000003
1535965200,28.380000000000003
1535965800,28.380000000000003
1535966400,28.380000000000003
1535967000,28.380000000000003
1535967600,28.380000000000003
1535968200,28.380000000000003
1535968800,28.380000000000003
1535969400,28.380000000000003
1535970000,28.380000000000003
1535970600,28.380000000000003
1535971200,28.380000000000003
1535971800,28.380000000000003
1535972400,28.380000000000003
1535973000,28.380000000000003
1535973600,28.380000000000003
1535974200,28.380000000000003
1535974800,30.070833333333336
1535975400,30.396500000000003
1535976000,30.27916666666666
1535976600,30.19416666666667
1535977200,30.220333333333333
1535977800,30.220000000000006
1535978400,30.172500000000003
1535979000,30.141333333333336
1535979600,30.14816666666667
1535980200,30.08516666666667
1535980800,30.058666666666664
1535981400,30.021666666666658
1535982000,30.018666666666668
1535982600,29.988666666666667
1535983200,29.900666666666673
1535983800,29.883166666666664
1535984400,30.067500000000003
1535985000,30.17433333333333
1535985600,30.20133333333333
1535986200,30.12383333333334
1535986800,30.079999999999995
1535987400,30.06633333333333
1535988000,30.05316666666667
1535988600,30.046333333333337
1535989200,30.016333333333336
1535989800,29.99783333333333
1535990400,29.990499999999997
1535991000,29.961833333333335
1535991600,29.954833333333333
1535992200,29.950166666666668
1535992800,29.956000000000007
1535993400,30.080666666666666
1535994000,30.318833333333334
1535994600,30.446833333333338
1535995200,30.544999999999998
1535995800,30.599833333333333
1535996400,30.607833333333332
1535997000,30.52816666666667
1535997600,30.508000000000003
1535998200,30.60433333333333
1535998800,30.7065
1535999400,30.761333333333333
1536000000,30.794666666666664
1536000600,30.802500000000002
1536001200,30.810499999999998
1536001800,30.84316666666667
1536002400,30.86166666666667
1536003000,30.872833333333336
1536003600,30.875
1536004200,30.878666666666664
1536004800,30.8685
1536005400,30.873333333333335
1536006000,30.877499999999998
1536006600,30.875666666666667
1536007200,30.8685
1536007800,30.871000000000002
1536008400,30.868166666666667
1536009000,30.858166666666666
1536009600,30.824333333333335
1536010200,30.7875
1536010800,30.8145
1536011400,30.681000000000004
1536012000,30.445999999999998
1536012600,30.305499999999995
1536013200,30.209999999999997
1536013800,30.1175
1536014400,30.034000000000002
1536015000,29.990499999999997
1536015600,29.941000000000003
1536016200,29.892500000000005
1536016800,29.854000000000003
1536017400,29.811499999999995
1536018000,29.778499999999998
1536018600,29.750999999999998
1536019200,29.735000000000007
1536019800,29.7055
1536020400,29.698
1536021000,29.773500000000002
1536021600,29.867
1536022200,29.978499999999997
1536022800,30.137
1536023400,30.242499999999996
1536024000,30.3205
1536024600,30.3875
1536025200,30.447000000000003
1536025800,30.509500000000003
1536026400,30.560999999999996
1536027000,30.615999999999996
1536027600,30.677000000000003
1536028200,30.742999999999995
1536028800,30.820000000000004
1536029400,30.898000000000003
1536030000,30.9625
1536030600,31.044
1536031200,31.1235
1536031800,31.2275
1536032400,31.311499999999995
1536033000,31.4055
1536033600,31.5045
1536034200,31.589999999999996
1536034800,31.666000000000004
1536035400,31.765000000000004
1536036000,31.861499999999996
1536036600,31.9615
1536037200,32.042500000000004
1536037800,32.1325
1536038400,32.2375
1536039000,32.326499999999996
1536039600,32.412
1536040200,32.516000000000005
1536040800,32.6105
1536041400,32.688
1536042000,32.7775
1536042600,32.86749999999999
1536043200,32.954
1536043800,33.0385
1536044400,33.117999999999995
1536045000,33.206
1536045600,33.2925
1536046200,33.3735
1536046800,33.4565
1536047400,33.528000000000006
1536048000,33.597
1536048600,33.651500000000006
1536049200,33.70700000000001
1536049800,33.7725
1536050400,33.834500000000006
1536051000,33.71150000000001
1536051600,33.263999999999996
1536052200,33.0055
1536052800,32.852999999999994
1536053400,32.763999999999996
1536054000,32.6825
1536054600,32.6225
1536055200,32.5785
1536055800,32.538
1536056400,32.489
1536057000,32.447
1536057600,32.41900000000001
1536058200,32.3855
1536058800,32.367000000000004
1536059400,32.3485
1536060000,32.397999999999996
1536060600,32.36149999999999
1536061200,32.368
1536061800,32.4505
1536062400,32.476499999999994
1536063000,32.384
1536063600,32.36000000000001
1536064200,32.338499999999996
1536064800,32.30550000000001
1536065400,32.287
1536066000,32.3085
1536066600,32.262
1536067200,32.238
1536067800,32.27733333333334
1536068400,32.28249999999999
1536069000,32.260333333333335
1536069600,32.23966666666667
1536070200,32.20716666666667
1536070800,32.144
1536071400,32.09283333333333
1536072000,32.08416666666667
1536072600,32.082499999999996
1536073200,32.0395
1536073800,32.0225
1536074400,31.97833333333333
1536075000,31.937
1536075600,31.943
1536076200,31.9295
1536076800,31.901
1536077400,31.983500000000003
1536078000,31.986
1536078600,31.982000000000006
1536079200,31.9635
1536079800,31.9435
1536080400,31.909499999999998
1536081000,31.916499999999996
1536081600,31.875000000000007
1536082200,31.805
1536082800,31.759333333333338
1536083400,31.75483333333333
1536084000,31.787999999999993
1536084600,31.793500000000005
1536085200,31.785500000000003
1536085800,31.7635
1536086400,31.738833333333332
1536087000,31.72683333333334
1536087600,31.698500000000006
1536088200,31.634000000000004
1536088800,31.632166666666667
1536089400,31.649333333333338
1536090000,31.646499999999996
1536090600,31.622666666666667
1536091200,31.602833333333336
1536091800,31.59833333333333
1536092400,31.62366666666667
1536093000,31.602166666666665
1536093600,31.565999999999995
1536094200,31.572166666666657
1536094800,31.595333333333336
1536095400,31.59033333333333
1536096000,31.577333333333332
1536096600,31.575
1536097200,31.570333333333338
1536097800,31.568
1536098400,31.557
1536099000,31.567999999999994
1536099600,31.546499999999998
1536100200,31.55916666666667
1536100800,31.544999999999998
1536101400,31.536999999999995
1536102000,31.53716666666667
1536102600,31.536500000000007
1536103200,31.516499999999997
1536103800,31.522333333333336
1536104400,31.504
1536105000,31.4995
1536105600,31.486833333333333
1536106200,31.488166666666665
1536106800,31.508333333333333
1536107400,31.580833333333334
1536108000,31.589499999999997
1536108600,31.569166666666668
1536109200,31.768
1536109800,31.94216666666666
1536110400,32.075500000000005
1536111000,32.18216666666667
1536111600,32.278166666666664
1536112200,32.35983333333333
1536112800,32.4375
1536113400,32.51416666666667
1536114000,32.599666666666664
1536114600,32.68800000000001
1536115200,32.772666666666666
1536115800,32.844833333333334
1536116400,32.9255
1536117000,33.01466666666667
1536117600,33.0745
1536118200,33.149166666666666
1536118800,33.24116666666667
1536119400,33.34466666666667
1536120000,33.41883333333333
1536120600,33.42583333333333
1536121200,33.512
1536121800,33.644
1536122400,33.741
1536123000,33.840500000000006
1536123600,33.9225
1536124200,33.989999999999995
1536124800,34.049
1536125400,34.1315
1536126000,34.2085
1536126600,34.287
1536127200,34.358
1536127800,34.451
1536128400,34.533
1536129000,34.6045
1536129600,34.671499999999995
1536130200,34.744
1536130800,34.814499999999995
1536131400,34.88549999999999
1536132000,34.947
1536132600,35.003
1536133200,35.0635
1536133800,35.126999999999995
1536134400,35.182
1536135000,35.23350000000001
1536135600,35.27900000000001
1536136200,35.323499999999996
1536136800,35.372
1536137400,35.30049999999999
1536138000,34.803
1536138600,34.4705
1536139200,34.2675
1536139800,34.1175
1536140400,34.015
1536141000,33.9345
1536141600,33.8605
1536142200,33.8055
1536142800,33.74849999999999
1536143400,33.6895
1536144000,33.651
1536144600,33.612
1536145200,33.61
1536145800,33.659000000000006
1536146400,33.605000000000004
1536147000,33.6275
1536147600,33.6835
1536148200,33.702999999999996
1536148800,33.646
1536149400,33.5445
1536150000,33.4895
1536150600,33.444
1536151200,33.379000000000005
1536151800,33.341
1536152400,33.32799999999999
1536153000,33.336499999999994
1536153600,33.301
1536154200,33.24900000000001
1536154800,33.214499999999994
1536155400,33.185500000000005
1536156000,33.1495
1536156600,33.1095
1536157200,33.12449999999999
1536157800,33.1685
1536158400,33.189
1536159000,33.1935
1536159600,33.1835
1536160200,33.135000000000005
1536160800,33.053999999999995
1536161400,32.9735
1536162000,32.908500000000004
1536162600,32.777499999999996
1536163200,32.743
1536163800,32.758500000000005
1536164400,32.692499999999995
1536165000,32.6435
1536165600,32.605000000000004
1536166200,32.60600000000001
1536166800,32.580999999999996
1536167400,32.5425
1536168000,32.502
1536168600,32.474000000000004
1536169200,32.441500000000005
1536169800,32.403999999999996
1536170400,32.367000000000004
1536171000,32.33
1536171600,32.30250000000001
1536172200,32.2575
1536172800,32.217999999999996
1536173400,32.1905
1536174000,32.23299999999999
1536174600,32.19199999999999
1536175200,32.204499999999996
1536175800,32.135
1536176400,32.14683333333333
1536177000,32.15216666666667
1536177600,32.18449999999999
1536178200,32.18466666666667
1536178800,32.15266666666667
1536179400,32.1455
1536180000,32.1095
1536180600,32.09150000000001
1536181200,32.08316666666666
1536181800,32.03883333333333
1536182400,31.997500000000002
1536183000,31.988666666666667
1536183600,31.9655
1536184200,31.955000000000002
1536184800,31.97166666666667
1536185400,31.95266666666667
1536186000,31.931
1536186600,31.91683333333334
1536187200,31.91016666666667
1536187800,31.904666666666664
1536188400,31.90416666666666
1536189000,31.884166666666665
1536189600,31.872833333333336
1536190200,31.868833333333335
1536190800,31.862666666666666
1536191400,31.849333333333334
1536192000,31.833499999999997
1536192600,31.82033333333333
1536193200,31.81666666666667
1536193800,31.8
1536194400,31.882666666666672
1536195000,31.98616666666667
1536195600,32.187333333333335
1536196200,32.307
1536196800,32.38633333333334
1536197400,32.46116666666667
1536198000,32.5245
1536198600,32.589
1536199200,32.649
1536199800,32.704499999999996
1536200400,32.764500000000005
1536201000,32.826166666666666
1536201600,32.88399999999999
1536202200,32.944833333333335
1536202800,33.007999999999996
1536203400,33.06366666666666
1536204000,33.132666666666665
1536204600,33.20616666666667
1536205200,33.27716666666667
1536205800,33.33383333333334
1536206400,33.41016666666666
1536207000,33.487833333333334
1536207600,33.543666666666674
1536208200,33.59316666666667
1536208800,33.64816666666667
1536209400,33.721666666666664
1536210000,33.81816666666667
1536210600,33.900333333333336
1536211200,33.97083333333333
1536211800,34.03966666666666
1536212400,34.10866666666667
1536213000,34.16433333333333
1536213600,34.24033333333333
1536214200,34.29816666666667
1536214800,34.358333333333334
1536215400,34.42966666666667
1536216000,34.49783333333333
1536216600,34.56216666666666
1536217200,34.6195
1536217800,34.678
1536218400,34.739
1536219000,34.7975
1536219600,34.8595
1536220200,34.91616666666667
1536220800,34.95933333333333
1536221400,35.003166666666665
1536222000,35.04833333333333
1536222600,35.095166666666664
1536223200,35.13699999999999
1536223800,34.948833333333326
1536224400,34.477333333333334
1536225000,34.20133333333333
1536225600,34.0165
1536226200,33.903
1536226800,33.81216666666667
1536227400,33.727666666666664
1536228000,33.66683333333333
1536228600,33.60983333333333
1536229200,33.57716666666667
1536229800,33.53083333333333
1536230400,33.507333333333335
1536231000,33.465833333333336
1536231600,33.43916666666667
1536232200,33.39066666666666
1536232800,33.35066666666667
1536233400,33.318666666666665
1536234000,33.367333333333335
1536234600,33.33916666666667
1536235200,33.405499999999996
1536235800,33.50816666666666
1536236400,33.482
1536237000,33.38816666666667
1536237600,33.33066666666667
1536238200,33.26016666666667
1536238800,33.226666666666674
1536239400,33.21999999999999
1536240000,33.16316666666667
1536240600,33.13666666666667
1536241200,33.0715
1536241800,32.995999999999995
1536242400,32.940333333333335
1536243000,32.89366666666667
1536243600,32.83433333333333
1536244200,32.783833333333334
1536244800,32.71633333333333
1536245400,32.669
1536246000,32.63516666666666
1536246600,32.57266666666666
1536247200,32.6015
1536247800,32.53933333333333
1536248400,32.46566666666667
1536249000,32.38216666666667
1536249600,32.32116666666666
1536250200,32.2815
1536250800,32.222500000000004
1536251400,32.13
1536252000,31.982166666666664
1536252600,31.924666666666667
1536253200,31.954333333333334
1536253800,32.02283333333333
1536254400,32.04866666666667
1536255000,32.074
1536255600,32.056999999999995
1536256200,32.0255
1536256800,32.008500000000005
1536257400,32.01116666666666
1536258000,31.97133333333333
1536258600,31.93883333333333
1536259200,31.9275
1536259800,31.919999999999995
1536260400,31.90633333333334
1536261000,31.887166666666666
1536261600,31.850833333333334
1536262200,31.792499999999997
1536262800,31.7555
1536263400,31.7605
1536264000,31.7635
1536264600,31.725166666666674
1536265200,31.71133333333334
1536265800,31.713833333333326
1536266400,31.674500000000002
1536267000,31.677500000000002
1536267600,31.698499999999996
1536268200,31.694
1536268800,31.683166666666665
1536269400,31.65616666666667
1536270000,31.601499999999998
1536270600,31.5805
1536271200,31.56233333333334
1536271800,31.53449999999999
1536272400,31.526833333333332
1536273000,31.52866666666667
1536273600,31.505666666666666
1536274200,31.474
1536274800,31.438499999999998
1536275400,31.448
1536276000,31.471000000000004
1536276600,31.481000000000005
1536277200,31.429833333333335
1536277800,31.350833333333334
1536278400,31.293833333333332
1536279000,31.301
1536279600,31.348000000000003
1536280200,31.42966666666667
1536280800,31.496499999999997
1536281400,31.6325
1536282000,31.833
1536282600,31.892499999999995
1536283200,31.916000000000007
1536283800,31.93883333333333
1536284400,31.97483333333334
1536285000,32.00599999999999
1536285600,32.07833333333333
1536286200,32.14566666666666
1536286800,32.19
1536287400,32.237833333333334
1536288000,32.271166666666666
1536288600,32.32316666666666
1536289200,32.351166666666664
1536289800,32.42916666666666
1536290400,32.52016666666667
1536291000,32.58200000000001
1536291600,32.650666666666666
1536292200,32.70566666666667
1536292800,32.740833333333335
1536293400,32.69316666666667
1536294000,32.7735
1536294600,32.87833333333333
1536295200,32.94466666666667
1536295800,33.00633333333333
1536296400,33.059999999999995
1536297000,33.12583333333333
1536297600,33.186166666666665
1536298200,33.239999999999995
1536298800,33.31833333333334
1536299400,33.388333333333335
1536300000,33.473333333333336
1536300600,33.55483333333334
1536301200,33.6175
1536301800,33.6305
1536302400,33.714
1536303000,33.8015
1536303600,33.86416666666666
1536304200,33.928666666666665
1536304800,34.001999999999995
1536305400,34.04683333333333
1536306000,34.11816666666666
1536306600,34.190666666666665
1536307200,34.24633333333333
1536307800,34.28616666666667
1536308400,34.32399999999999
1536309000,34.359833333333334
1536309600,34.3975
1536310200,34.291000000000004
1536310800,33.81966666666666
1536311400,33.50483333333334
1536312000,33.30983333333333
1536312600,33.145833333333336
1536313200,33.008833333333335
1536313800,32.890166666666666
1536314400,32.797999999999995
1536315000,32.69
1536315600,32.608
1536316200,32.510000000000005
1536316800,32.4375
1536317400,32.3445
1536318000,32.271499999999996
1536318600,32.25
1536319200,32.25
1536319800,32.06966666666666
1536320400,32.03016666666666
1536321000,32.036500000000004
1536321600,32.086
1536322200,32.05616666666667
1536322800,31.988166666666665
1536323400,31.877666666666663
1536324000,31.773333333333333
1536324600,31.642666666666667
1536325200,31.601
1536325800,31.571833333333338
1536326400,31.53483333333333
1536327000,31.476999999999997
1536327600,31.459000000000003
1536328200,31.457666666666665
1536328800,31.425333333333338
1536329400,31.392500000000002
1536330000,31.336499999999994
1536330600,31.29866666666667
1536331200,31.257500000000004
1536331800,31.205333333333336
1536332400,31.16766666666667
1536333000,31.12016666666667
1536333600,31.16766666666667
1536334200,31.19633333333333
1536334800,31.155333333333335
1536335400,31.092000000000002
1536336000,31.04033333333333
1536336600,31.014833333333332
1536337200,30.973000000000003
1536337800,30.924
1536338400,30.879833333333334
1536339000,30.844166666666666
1536339600,30.782000000000004
1536340200,30.696499999999997
1536340800,30.59583333333333
1536341400,30.563666666666666
1536342000,30.687
1536342600,30.875333333333334
1536343200,30.960999999999995
1536343800,30.98383333333333
1536344400,30.973333333333336
1536345000,30.968333333333334
1536345600,30.977166666666665
1536346200,30.982499999999998
1536346800,30.9735
1536347400,30.957
1536348000,30.954333333333334
1536348600,30.953166666666668
1536349200,30.95133333333333
1536349800,30.938
1536350400,30.91166666666667
1536351000,30.893166666666666
1536351600,30.87883333333333
1536352200,30.857
1536352800,30.83633333333333
1536353400,30.8065
1536354000,30.832666666666665
1536354600,30.80383333333333
1536355200,30.778999999999996
1536355800,30.803833333333337
1536356400,30.74533333333333
1536357000,30.73933333333333
1536357600,30.741666666666667
1536358200,30.684499999999996
1536358800,30.69066666666667
1536359400,30.681666666666665
1536360000,30.64816666666667
1536360600,30.66833333333334
1536361200,30.609833333333334
1536361800,30.6295
1536362400,30.589666666666666
1536363000,30.588000000000005
1536363600,30.575499999999998
1536364200,30.571166666666663
1536364800,30.560499999999998
1536365400,30.554833333333335
1536366000,30.531166666666667
1536366600,30.500833333333333
1536367200,30.524166666666666
1536367800,30.4795
1536368400,30.524833333333326
1536369000,30.477999999999998
1536369600,30.346333333333337
1536370200,30.16483333333333
1536370800,30.107333333333337
1536371400,30.062333333333335
1536372000,30.019500000000004
1536372600,30.00916666666667
1536373200,30.010833333333334
1536373800,29.984333333333332
1536374400,29.960500000000003
1536375000,29.961000000000006
1536375600,29.98300000000001
1536376200,29.97683333333333
1536376800,29.96816666666667
1536377400,29.927166666666672
1536378000,29.98416666666666
1536378600,29.944666666666667
1536379200,29.930333333333333
1536379800,29.939000000000004
1536380400,29.96333333333334
1536381000,30.0405
1536381600,30.194666666666667
1536382200,30.247666666666667
1536382800,30.26783333333334
1536383400,30.24533333333333
1536384000,30.34433333333333
1536384600,30.413333333333334
1536385200,30.483833333333337
1536385800,30.535333333333334
1536386400,30.595333333333336
1536387000,30.585166666666662
1536387600,30.565333333333335
1536388200,30.572999999999997
1536388800,30.591999999999995
1536389400,30.626666666666665
1536390000,30.681333333333335
1536390600,30.70683333333334
1536391200,30.804499999999997
1536391800,30.881999999999998
1536392400,30.946333333333342
1536393000,30.912
1536393600,30.916000000000004
1536394200,30.920833333333338
1536394800,30.930666666666667
1536395400,30.975666666666665
1536396000,30.997666666666667
1536396600,30.982499999999998
1536397200,30.985166666666668
1536397800,31.011333333333333
1536398400,31.033000000000005
1536399000,31.02983333333333
1536399600,31.005833333333328
1536400200,31.00783333333333
1536400800,31.002666666666663
1536401400,30.98916666666667
1536402000,30.988500000000005
1536402600,30.948999999999995
1536403200,30.923833333333334
1536403800,30.90633333333333
1536404400,30.88016666666666
1536405000,30.819000000000006
1536405600,30.878333333333337
1536406200,30.858999999999998
1536406800,30.840000000000003
1536407400,30.825499999999998
1536408000,30.760166666666663
1536408600,30.651666666666664
1536409200,30.573166666666662
1536409800,30.56116666666667
1536410400,30.54783333333333
1536411000,30.491166666666665
1536411600,30.505166666666668
1536412200,30.55516666666666
1536412800,30.490333333333332
1536413400,30.15
1536414000,30.15
1536414600,30.15
1536415200,30.15
1536415800,30.15
1536416400,30.15
1536417000,30.15
1536417600,30.15
1536418200,30.15
1536418800,30.15
1536419400,30.15
1536420000,30.15
1536420600,30.15
1536421200,30.15
1536421800,30.15
1536422400,30.15
1536423000,30.15
1536423600,30.15
1536424200,30.15
1536424800,30.15
1536425400,30.15
1536426000,30.15
1536426600,30.15
1536427200,30.15
1536427800,30.15
1536428400,30.15
1536429000,30.15
1536429600,30.15
1536430200,30.15
1536430800,30.15
1536431400,30.15
1536432000,30.15
1536432600,30.15
1536433200,30.15
1536433800,30.15
1536434400,30.15
1536435000,30.15
1536435600,30.15
1536436200,30.15
1536436800,30.15
1536437400,30.15
1536438000,30.15
1536438600,30.15
1536439200,30.15
1536439800,30.15
1536440400,30.15
1536441000,30.15
1536441600,30.15
1536442200,30.15
1536442800,30.15
1536443400,30.15
1536444000,30.15
1536444600,30.15
1536445200,30.15
1536445800,30.15
1536446400,30.15
1536447000,30.15
1536447600,30.15
1536448200,30.15
1536448800,30.15
1536449400,30.15
1536450000,30.15
1536450600,30.15
1536451200,30.15
1536451800,30.15
1536452400,30.15
1536453000,30.15
1536453600,30.15
1536454200,30.15
1536454800,30.15
1536455400,30.15
1536456000,30.15
1536456600,30.15
1536457200,30.15
1536457800,30.15
1536458400,30.15
1536459000,30.15
1536459600,30.15
1536460200,30.15
1536460800,30.15
1536461400,30.15
1536462000,30.15
1536462600,30.15
1536463200,30.15
1536463800,30.15
1536464400,30.15
1536465000,30.15
1536465600,30.15
1536466200,30.15
1536466800,30.15
1536467400,30.15
1536468000,30.15
1536468600,30.15
1536469200,30.15
1536469800,30.15
1536470400,30.15
1536471000,30.15
1536471600,30.15
1536472200,30.15
1536472800,30.15
1536473400,30.15
1536474000,30.15
1536474600,30.15
1536475200,30.15
1536475800,30.15
1536476400,30.15
1536477000,30.15
1536477600,30.15
1536478200,30.15
1536478800,30.15
1536479400,30.15
1536480000,30.15
1536480600,30.15
1536481200,30.15
1536481800,30.15
1536482400,30.15
1536483000,30.15
1536483600,30.15
1536484200,30.15
1536484800,30.15
1536485400,30.15
1536486000,30.15
1536486600,30.15
1536487200,30.15
1536487800,30.15
1536488400,30.15
1536489000,30.15
1536489600,30.15
1536490200,30.15
1536490800,30.15
1536491400,30.15
1536492000,30.15
1536492600,30.15
1536493200,30.15
1536493800,30.15
1536494400,30.15
1536495000,30.15
1536495600,30.15
1536496200,30.15
1536496800,30.15
1536497400,30.15
1536498000,30.15
1536498600,30.15
1536499200,30.15
1536499800,30.15
1536500400,30.15
1536501000,30.15
1536501600,30.15
1536502200,30.15
1536502800,30.15
1536503400,30.15
1536504000,30.15
1536504600,30.15
1536505200,30.15
1536505800,30.15
1536506400,30.15
1536507000,30.15
1536507600,30.15
1536508200,30.15
1536508800,30.15
1536509400,30.15
1536510000,30.15
1536510600,30.15
1536511200,30.15
1536511800,30.15
1536512400,30.15
1536513000,30.15
1536513600,30.15
1536514200,30.15
1536514800,30.15
1536515400,30.15
1536516000,30.15
1536516600,30.15
1536517200,30.15
1536517800,30.15
1536518400,30.15
1536519000,30.15
1536519600,30.15
1536520200,30.15
1536520800,30.15
1536521400,30.15
1536522000,30.15
1536522600,30.15
1536523200,30.15
1536523800,30.15
1536524400,30.15
1536525000,30.15
1536525600,30.15
1536526200,30.15
1536526800,30.15
1536527400,30.15
1536528000,30.15
1536528600,30.15
1536529200,30.15
1536529800,30.15
1536530400,30.15
1536531000,30.15
1536531600,30.15
1536532200,30.15
1536532800,30.15
1536533400,30.15
1536534000,30.15
1536534600,30.15
1536535200,30.15
1536535800,30.15
1536536400,30.15
1536537000,30.15
1536537600,30.15
1536538200,30.15
1536538800,30.15
1536539400,30.15
1536540000,30.15
1536540600,30.15
1536541200,30.15
1536541800,30.15
1536542400,30.15
1536543000,30.15
1536543600,30.15
1536544200,30.15
1536544800,30.15
1536545400,30.15
1536546000,30.15
1536546600,30.15
1536547200,30.15
1536547800,30.15
1536548400,30.15
1536549000,30.15
1536549600,30.15
1536550200,30.15
1536550800,30.15
1536551400,30.15
1536552000,30.15
1536552600,30.15
1536553200,30.15
1536553800,30.15
1536554400,30.15
1536555000,30.15
1536555600,30.15
1536556200,30.15
1536556800,30.15
1536557400,30.15
1536558000,30.15
1536558600,30.15
1536559200,30.15
1536559800,30.15
1536560400,30.15
1536561000,30.15
1536561600,30.15
1536562200,30.15
1536562800,30.15
1536563400,30.15
1536564000,30.15
1536564600,30.15
1536565200,30.15
1536565800,30.15
1536566400,30.15
1536567000,30.15
1536567600,30.15
1536568200,30.15
1536568800,30.15
1536569400,30.15
1536570000,30.15
1536570600,30.15
1536571200,30.15
1536571800,30.15
1536572400,30.15
1536573000,30.15
1536573600,30.15
1536574200,30.15
1536574800,30.15
1536575400,30.15
1536576000,30.15
1536576600,30.15
1536577200,30.15
1536577800,30.15
1536578400,30.15
1536579000,30.15
1536579600,30.15
1536580200,30.15
1536580800,30.15
1536581400,30.15
1536582000,30.15
1536582600,30.15
1536583200,30.15
1536583800,30.15
1536584400,30.15
1536585000,30.15
1536585600,30.15
1536586200,30.15
1536586800,30.15
1536587400,30.15
1536588000,30.15
1536588600,30.15
1536589200,30.15
1536589800,30.15
1536590400,30.15
1536591000,30.15
1536591600,30.15
1536592200,30.15
1536592800,30.15
1536593400,30.15
1536594000,30.15
1536594600,30.15
1536595200,30.15
1536595800,30.15
1536596400,30.15
1536597000,30.15
1536597600,30.15
1536598200,30.15
1536598800,30.15
1536599400,30.15
1536600000,30.15
1536600600,30.15
1536601200,30.15
1536601800,30.15
1536602400,30.15
1536603000,30.15
1536603600,30.15
1536604200,30.15
1536604800,30.15
1536605400,30.15
1536606000,30.15
1536606600,30.15
1536607200,30.15
1536607800,30.15
1536608400,30.15
1536609000,30.15
1536609600,30.15
1536610200,30.15
1536610800,30.15
1536611400,30.15
1536612000,30.15
1536612600,30.15
1536613200,30.15
1536613800,30.15
1536614400,30.15
1536615000,30.15
1536615600,30.15
1536616200,30.15
1536616800,30.15
1536617400,30.15
1536618000,30.15
1536618600,30.15
1536619200,30.15
1536619800,30.15
1536620400,30.15
1536621000,30.15
1536621600,30.15
1536622200,30.15
1536622800,30.15
1536623400,30.15
1536624000,30.15
1536624600,30.15
1536625200,30.15
1536625800,30.15
1536626400,30.15
1536627000,30.15
1536627600,30.15
1536628200,30.15
1536628800,30.15
1536629400,30.15
1536630000,30.15
1536630600,30.15
1536631200,30.15
1536631800,30.15
1536632400,30.15
1536633000,30.15
1536633600,30.15
1536634200,30.15
1536634800,30.15
1536635400,30.15
1536636000,30.15
1536636600,30.15
1536637200,30.15
1536637800,30.15
1536638400,30.15
1536639000,30.15
1536639600,30.15
1536640200,30.15
1536640800,30.15
1536641400,30.15
1536642000,30.15
1536642600,30.15
1536643200,30.15
1536643800,30.15
1536644400,30.15
1536645000,30.15
1536645600,30.15
1536646200,30.15
1536646800,30.15
1536647400,30.15
1536648000,30.15
1536648600,30.15
1536649200,30.15
1536649800,30.15
1536650400,30.15
1536651000,30.15
1536651600,30.15
1536652200,30.15
1536652800,30.15
1536653400,30.15
1536654000,30.15
1536654600,30.15
1536655200,30.15
1536655800,30.15
1536656400,30.15
1536657000,30.15
1536657600,30.15
1536658200,30.15
1536658800,30.15
1536659400,30.15
1536660000,30.15
1536660600,30.15
1536661200,30.15
1536661800,30.15
1536662400,30.15
1536663000,30.15
1536663600,30.15
1536664200,30.15
1536664800,30.15
1536665400,30.15
1536666000,30.15
1536666600,30.15
1536667200,30.15
1536667800,30.15
1536668400,30.15
1536669000,30.15
1536669600,30.15
1536670200,30.15
1536670800,30.15
1536671400,30.15
1536672000,30.15
1536672600,30.15
1536673200,30.15
1536673800,30.15
1536674400,30.15
1536675000,30.15
1536675600,30.15
1536676200,30.15
1536676800,30.15
1536677400,30.15
1536678000,30.15
1536678600,30.15
1536679200,30.15
1536679800,30.15
1536680400,30.15
1536681000,30.15
1536681600,30.15
1536682200,30.15
1536682800,30.15
1536683400,30.15
1536684000,30.15
1536684600,30.15
1536685200,30.15
1536685800,30.15
1536686400,30.15
1536687000,30.15
1536687600,30.15
1536688200,30.15
1536688800,30.15
1536689400,30.15
1536690000,30.15
1536690600,30.15
1536691200,30.15
1536691800,30.15
1536692400,30.15
1536693000,30.15
1536693600,30.15
1536694200,30.15
1536694800,30.15
1536695400,30.15
1536696000,30.15
1536696600,30.15
1536697200,30.15
1536697800,30.15
1536698400,30.15
1536699000,30.15
1536699600,30.15
1536700200,30.15
1536700800,30.15
1536701400,30.15
1536702000,30.15
1536702600,30.15
1536703200,30.15
1536703800,30.15
1536704400,30.15
1536705000,30.15
1536705600,30.15
1536706200,30.15
1536706800,30.15
1536707400,30.15
1536708000,30.15
1536708600,30.15
1536709200,30.15
1536709800,30.15
1536710400,30.15
1536711000,30.15
1536711600,30.15
1536712200,30.15
1536712800,30.15
1536713400,30.15
1536714000,30.15
1536714600,30.15
1536715200,30.15
1536715800,30.15
1536716400,30.15
1536717000,30.15
1536717600,30.15
1536718200,30.15
1536718800,30.15
1536719400,30.15
1536720000,30.15
1536720600,30.15
1536721200,30.15
1536721800,30.15
1536722400,30.15
1536723000,30.15
1536723600,30.15
1536724200,30.15
1536724800,30.15
1536725400,30.15
1536726000,30.15
1536726600,30.15
1536727200,30.15
1536727800,30.15
1536728400,30.15
1536729000,30.15
1536729600,30.15
1536730200,30.15
1536730800,30.15
1536731400,30.15
1536732000,30.15
1536732600,30.15
1536733200,30.15
1536733800,30.15
1536734400,30.15
1536735000,30.15
1536735600,30.15
1536736200,30.15
1536736800,30.15
1536737400,30.15
1536738000,30.15
1536738600,30.15
1536739200,30.15
1536739800,30.15
1536740400,30.15
1536741000,30.15
1536741600,30.15
1536742200,30.15
1536742800,30.15
1536743400,30.15
1536744000,30.15
1536744600,30.15
1536745200,30.15
1536745800,30.15
1536746400,30.15
1536747000,30.15
1536747600,30.15
1536748200,30.15
1536748800,30.15
1536749400,30.15
1536750000,30.15
1536750600,30.15
1536751200,30.15
1536751800,30.15
1536752400,30.15
1536753000,30.15
1536753600,30.15
1536754200,30.15
1536754800,30.15
1536755400,30.15
1536756000,30.15
1536756600,30.15
1536757200,30.15
1536757800,30.15
1536758400,30.15
1536759000,30.15
1536759600,30.15
1536760200,30.15
1536760800,30.15
1536761400,30.15
1536762000,30.15
1536762600,30.15
1536763200,30.15
1536763800,30.15
1536764400,30.15
1536765000,30.15
1536765600,30.15
1536766200,30.15
1536766800,30.15
1536767400,30.15
1536768000,30.15
1536768600,30.15
1536769200,30.15
1536769800,30.15
1536770400,30.15
1536771000,30.15
1536771600,30.15
1536772200,30.15
1536772800,30.15
1536773400,30.15
1536774000,30.15
1536774600,30.15
1536775200,30.15
1536775800,30.15
1536776400,30.15
1536777000,30.15
1536777600,30.15
1536778200,30.15
1536778800,30.15
1536779400,30.15
1536780000,30.15
1536780600,30.15
1536781200,30.15
1536781800,30.15
1536782400,30.15
1536783000,30.15
1536783600,30.15
1536784200,30.15
1536784800,30.15
1536785400,30.15
1536786000,30.15
1536786600,30.15
1536787200,30.15
1536787800,30.15
1536788400,30.15
1536789000,30.15
1536789600,30.15
1536790200,30.15
1536790800,30.15
1536791400,30.15
1536792000,30.15
1536792600,30.15
1536793200,30.15
1536793800,30.15
1536794400,30.15
1536795000,30.15
1536795600,30.15
1536796200,30.15
1536796800,30.15
1536797400,30.15
1536798000,30.15
1536798600,30.15
1536799200,30.15
1536799800,30.15
1536800400,30.15
1536801000,30.15
1536801600,30.15
1536802200,30.15
1536802800,30.15
1536803400,30.15
1536804000,30.15
1536804600,30.15
1536805200,30.15
1536805800,30.15
1536806400,30.15
1536807000,30.15
1536807600,30.15
1536808200,30.15
1536808800,30.15
1536809400,30.15
1536810000,30.15
1536810600,30.15
1536811200,30.15
1536811800,30.15
1536812400,30.15
1536813000,30.15
1536813600,30.15
1536814200,30.15
1536814800,30.15
1536815400,30.15
1536816000,30.15
1536816600,30.15
1536817200,30.15
1536817800,30.15
1536818400,30.15
1536819000,30.15
1536819600,30.15
1536820200,30.15
1536820800,30.15
1536821400,30.15
1536822000,30.15
1536822600,30.15
1536823200,30.15
1536823800,30.15
1536824400,30.15
1536825000,30.15
1536825600,30.15
1536826200,30.15
1536826800,30.15
1536827400,30.15
1536828000,30.15
1536828600,30.15
1536829200,30.15
1536829800,30.15
1536830400,30.15
1536831000,30.15
1536831600,30.15
1536832200,30.15
1536832800,30.15
1536833400,30.15
1536834000,30.15
1536834600,30.15
1536835200,30.15
1536835800,30.15
1536836400,30.15
1536837000,30.15
1536837600,30.15
1536838200,30.15
1536838800,30.15
1536839400,30.15
1536840000,30.15
1536840600,30.15
1536841200,30.15
1536841800,30.15
1536842400,30.15
1536843000,30.15
1536843600,30.15
1536844200,30.15
1536844800,30.15
1536845400,30.15
1536846000,30.15
1536846600,30.15
1536847200,30.15
1536847800,30.15
1536848400,30.15
1536849000,30.15
1536849600,30.15
1536850200,30.15
1536850800,30.15
1536851400,30.15
1536852000,30.15
1536852600,30.15
1536853200,30.15
1536853800,30.15
1536854400,30.15
1536855000,30.15
1536855600,30.15
1536856200,30.15
1536856800,30.15
1536857400,30.15
1536858000,30.15
1536858600,30.15
1536859200,30.15
1536859800,30.15
1536860400,30.15
1536861000,30.15
1536861600,30.15
1536862200,30.15
1536862800,30.15
1536863400,30.15
1536864000,30.15
1536864600,30.15
1536865200,30.15
1536865800,30.15
1536866400,30.15
1536867000,30.15
1536867600,30.15
1536868200,30.15
1536868800,30.15
1536869400,30.15
1536870000,30.15
1536870600,30.15
1536871200,30.15
1536871800,30.15
1536872400,30.15
1536873000,30.15
1536873600,30.15
1536874200,30.15
1536874800,30.15
1536875400,30.15
1536876000,30.15
1536876600,30.15
1536877200,30.15
1536877800,30.15
1536878400,30.15
1536879000,30.15
1536879600,30.15
1536880200,30.15
1536880800,30.15
1536881400,30.15
1536882000,30.15
1536882600,30.15
1536883200,30.15
1536883800,30.15
1536884400,30.15
1536885000,30.15
1536885600,30.15
1536886200,30.15
1536886800,30.15
1536887400,30.15
1536888000,30.15
1536888600,30.15
1536889200,30.15
1536889800,30.15
1536890400,30.15
1536891000,30.15
1536891600,30.15
1536892200,30.15
1536892800,30.15
1536893400,30.15
1536894000,30.15
1536894600,30.15
1536895200,30.15
1536895800,30.15
1536896400,30.15
1536897000,30.15
1536897600,30.15
1536898200,30.15
1536898800,30.15
1536899400,30.15
1536900000,30.15
1536900600,30.15
1536901200,30.15
1536901800,30.15
1536902400,30.15
1536903000,30.15
1536903600,30.15
1536904200,30.15
1536904800,30.15
1536905400,30.15
1536906000,30.15
1536906600,30.15
1536907200,30.15
1536907800,30.15
1536908400,30.15
1536909000,30.15
1536909600,30.15
1536910200,30.15
1536910800,30.15
1536911400,30.15
1536912000,30.15
1536912600,30.15
1536913200,30.15
1536913800,30.15
1536914400,30.15
1536915000,30.15
1536915600,30.15
1536916200,30.15
1536916800,30.15
1536917400,30.15
1536918000,30.15
1536918600,30.15
1536919200,30.15
1536919800,30.15
1536920400,30.15
1536921000,30.15
1536921600,30.15
1536922200,30.15
1536922800,30.15
1536923400,30.15
1536924000,30.15
1536924600,30.15
1536925200,30.15
1536925800,30.15
1536926400,30.15
1536927000,30.15
1536927600,30.15
1536928200,30.15
1536928800,30.15
1536929400,30.15
1536930000,30.15
1536930600,30.15
1536931200,30.15
1536931800,30.15
1536932400,30.15
1536933000,30.15
1536933600,30.15
1536934200,30.15
1536934800,30.15
1536935400,30.15
1536936000,30.15
1536936600,30.15
1536937200,30.15
1536937800,30.15
1536938400,30.15
1536939000,30.15
1536939600,30.15
1536940200,30.15
1536940800,30.15
1536941400,30.15
1536942000,30.15
1536942600,30.15
1536943200,30.15
1536943800,30.15
1536944400,30.15
1536945000,30.15
1536945600,30.15
1536946200,30.15
1536946800,30.15
1536947400,30.15
1536948000,30.15
1536948600,30.15
1536949200,30.15
1536949800,30.15
1536950400,30.15
1536951000,30.15
1536951600,30.15
1536952200,30.15
1536952800,30.15
1536953400,30.15
1536954000,30.15
1536954600,30.15
1536955200,30.15
1536955800,30.15
1536956400,30.15
1536957000,30.15
1536957600,30.15
1536958200,30.15
1536958800,30.15
1536959400,30.15
1536960000,30.15
1536960600,30.15
1536961200,30.15
1536961800,30.15
1536962400,30.15
1536963000,30.15
1536963600,30.15
1536964200,30.15
1536964800,30.15
1536965400,30.15
1536966000,30.15
1536966600,30.15
1536967200,30.15
1536967800,30.15
1536968400,30.15
1536969000,30.15
1536969600,30.15
1536970200,30.15
1536970800,30.15
1536971400,30.15
1536972000,30.15
1536972600,30.15
1536973200,30.15
1536973800,30.15
1536974400,30.15
1536975000,30.15
1536975600,30.15
1536976200,30.15
1536976800,30.15
1536977400,30.15
1536978000,30.15
1536978600,30.15
1536979200,30.15
1536979800,30.15
1536980400,30.15
1536981000,30.15
1536981600,30.15
1536982200,30.15
1536982800,30.15
1536983400,30.15
1536984000,30.15
1536984600,30.15
1536985200,30.15
1536985800,30.15
1536986400,30.15
1536987000,30.15
1536987600,30.15
1536988200,30.15
1536988800,30.15
1536989400,30.15
1536990000,30.15
1536990600,30.15
1536991200,30.15
1536991800,30.15
1536992400,30.15
1536993000,30.15
1536993600,30.15
1536994200,30.15
1536994800,30.15
1536995400,30.15
1536996000,30.15
1536996600,30.15
1536997200,30.15
1536997800,30.15
1536998400,30.15
1536999000,30.15
1536999600,30.15
1537000200,30.15
1537000800,30.15
1537001400,30.15
1537002000,30.15
1537002600,30.15
1537003200,30.15
1537003800,30.15
1537004400,30.15
1537005000,30.15
1537005600,30.15
1537006200,30.15
1537006800,30.15
1537007400,30.15
1537008000,30.15
1537008600,30.15
1537009200,30.15
1537009800,30.15
1537010400,30.15
1537011000,30.15
1537011600,30.15
1537012200,30.15
1537012800,30.15
1537013400,30.15
1537014000,30.15
1537014600,30.15
1537015200,30.15
1537015800,30.15
1537016400,30.15
1537017000,30.15
1537017600,30.15
1537018200,30.15
1537018800,30.15
1537019400,30.15
1537020000,30.15
1537020600,30.15
1537021200,30.15
1537021800,30.15
1537022400,30.15
1537023000,30.15
1537023600,30.15
1537024200,30.15
1537024800,30.15
1537025400,30.15
1537026000,30.15
1537026600,30.15
1537027200,30.15
1537027800,30.15
1537028400,30.15
1537029000,30.15
1537029600,30.15
1537030200,30.15
1537030800,30.15
1537031400,30.15
1537032000,30.15
1537032600,30.15
1537033200,30.15
1537033800,30.15
1537034400,30.15
1537035000,30.15
1537035600,30.15
1537036200,30.15
1537036800,30.15
1537037400,30.15
1537038000,30.15
1537038600,30.15
1537039200,30.15
1537039800,30.15
1537040400,30.15
1537041000,30.15
1537041600,30.15
1537042200,30.15
1537042800,30.15
1537043400,30.15
1537044000,30.15
1537044600,30.15
1537045200,30.15
1537045800,30.15
1537046400,30.15
1537047000,30.15
1537047600,30.15
1537048200,30.15
1537048800,30.15
1537049400,30.15
1537050000,30.15
1537050600,30.15
1537051200,30.15
1537051800,30.15
1537052400,30.15
1537053000,30.15
1537053600,30.15
1537054200,30.15
1537054800,30.15
1537055400,30.15
1537056000,30.15
1537056600,30.15
1537057200,30.15
1537057800,30.15
1537058400,30.15
1537059000,30.15
1537059600,30.15
1537060200,30.15
1537060800,30.15
1537061400,30.15
1537062000,30.15
1537062600,30.15
1537063200,30.15
1537063800,30.15
1537064400,30.15
1537065000,30.15
1537065600,30.15
1537066200,30.15
1537066800,30.15
1537067400,30.15
1537068000,30.15
1537068600,30.15
1537069200,30.15
1537069800,30.15
1537070400,30.15
1537071000,30.15
1537071600,30.15
1537072200,30.15
1537072800,30.15
1537073400,30.15
1537074000,30.15
1537074600,30.15
1537075200,30.15
1537075800,30.15
1537076400,30.15
1537077000,30.15
1537077600,30.15
1537078200,30.15
1537078800,30.15
1537079400,30.15
1537080000,30.15
1537080600,30.15
1537081200,30.15
1537081800,30.15
1537082400,30.15
1537083000,30.15
1537083600,30.15
1537084200,30.15
1537084800,30.15
1537085400,30.15
1537086000,30.15
1537086600,30.15
1537087200,30.15
1537087800,30.15
1537088400,30.15
1537089000,30.15
1537089600,30.15
1537090200,30.15
1537090800,30.15
1537091400,30.15
1537092000,30.15
1537092600,30.15
1537093200,30.15
1537093800,30.15
1537094400,30.15
1537095000,30.15
1537095600,30.15
1537096200,30.15
1537096800,30.15
1537097400,30.15
1537098000,30.15
1537098600,30.15
1537099200,30.15
1537099800,30.15
1537100400,30.15
1537101000,30.15
1537101600,30.15
1537102200,30.15
1537102800,30.15
1537103400,30.15
1537104000,30.15
1537104600,30.15
1537105200,30.15
1537105800,30.15
1537106400,30.15
1537107000,30.15
1537107600,30.15
1537108200,30.15
1537108800,30.15
1537109400,30.15
1537110000,30.15
1537110600,30.15
1537111200,30.15
1537111800,30.15
1537112400,30.15
1537113000,30.15
1537113600,30.15
1537114200,30.15
1537114800,30.15
1537115400,30.15
1537116000,30.15
1537116600,30.15
1537117200,30.15
1537117800,30.15
1537118400,30.15
1537119000,30.15
1537119600,30.15
1537120200,30.15
1537120800,30.15
1537121400,30.15
1537122000,30.15
1537122600,30.15
1537123200,30.15
1537123800,30.15
1537124400,30.15
1537125000,30.15
1537125600,30.15
1537126200,30.15
1537126800,30.15
1537127400,30.15
1537128000,30.15
1537128600,30.15
1537129200,30.15
1537129800,30.15
1537130400,30.15
1537131000,30.15
1537131600,30.15
1537132200,30.15
1537132800,30.15
1537133400,30.15
1537134000,30.15
1537134600,30.15
1537135200,30.15
1537135800,30.15
1537136400,30.15
1537137000,30.15
1537137600,30.15
1537138200,30.15
1537138800,30.15
1537139400,30.15
1537140000,30.15
1537140600,30.15
1537141200,30.15
1537141800,30.15
1537142400,30.15
1537143000,30.15
1537143600,30.15
1537144200,30.15
1537144800,30.15
1537145400,30.15
1537146000,30.15
1537146600,30.15
1537147200,30.15
1537147800,30.15
1537148400,30.15
1537149000,30.15
1537149600,30.15
1537150200,30.15
1537150800,30.15
1537151400,30.15
1537152000,30.15
1537152600,30.15
1537153200,30.15
1537153800,30.15
1537154400,30.15
1537155000,30.15
1537155600,30.15
1537156200,30.15
1537156800,30.15
1537157400,30.15
1537158000,30.15
1537158600,30.15
1537159200,30.15
1537159800,30.15
1537160400,30.15
1537161000,30.15
1537161600,30.15
1537162200,30.15
1537162800,30.15
1537163400,30.15
1537164000,30.15
1537164600,30.15
1537165200,30.15
1537165800,30.15
1537166400,30.15
1537167000,30.15
1537167600,30.15
1537168200,30.15
1537168800,30.15
1537169400,30.15
1537170000,30.15
1537170600,30.15
1537171200,30.15
1537171800,30.15
1537172400,30.15
1537173000,30.15
1537173600,30.15
1537174200,30.15
1537174800,30.15
1537175400,30.15
1537176000,30.15
1537176600,30.15
1537177200,30.15
1537177800,30.15
1537178400,30.15
1537179000,30.15
1537179600,30.15
1537180200,30.15
1537180800,30.15
1537181400,30.15
1537182000,30.15
1537182600,30.15
1537183200,30.15
1537183800,30.15
1537184400,30.15
1537185000,30.15
1537185600,30.15
1537186200,30.15
1537186800,30.15
1537187400,30.15
1537188000,30.15
1537188600,30.15
1537189200,30.15
1537189800,30.15
1537190400,30.15
1537191000,30.15
1537191600,30.15
1537192200,30.15
1537192800,30.15
1537193400,30.15
1537194000,30.15
1537194600,30.15
1537195200,30.15
1537195800,30.15
1537196400,30.15
1537197000,30.15
1537197600,30.15
1537198200,30.15
1537198800,30.15
1537199400,30.15
1537200000,30.15
1537200600,30.15
1537201200,30.15
1537201800,30.15
1537202400,30.15
1537203000,30.15
1537203600,30.15
1537204200,30.15
1537204800,30.15
1537205400,30.15
1537206000,30.15
1537206600,30.15
1537207200,30.15
1537207800,30.15
1537208400,30.15
1537209000,30.15
1537209600,30.15
1537210200,30.15
1537210800,30.15
1537211400,30.15
1537212000,30.15
1537212600,30.15
1537213200,30.15
1537213800,30.15
1537214400,30.15
1537215000,30.15
1537215600,30.15
1537216200,30.15
1537216800,30.15
1537217400,30.15
1537218000,30.15
1537218600,30.15
1537219200,30.15
1537219800,30.15
1537220400,30.15
1537221000,30.15
1537221600,30.15
1537222200,30.15
1537222800,30.15
1537223400,30.15
1537224000,30.15
1537224600,30.15
1537225200,30.15
1537225800,30.15
1537226400,30.15
1537227000,30.15
1537227600,30.15
1537228200,30.15
1537228800,30.15
1537229400,30.15
1537230000,30.15
1537230600,30.15
1537231200,30.15
1537231800,30.15
1537232400,30.15
1537233000,30.15
1537233600,30.15
1537234200,30.15
1537234800,30.15
1537235400,30.15
1537236000,30.15
1537236600,30.15
1537237200,30.15
1537237800,30.15
1537238400,30.15
1537239000,30.15
1537239600,30.15
1537240200,30.15
1537240800,30.15
1537241400,30.15
1537242000,30.15
1537242600,30.15
1537243200,30.15
1537243800,30.15
1537244400,30.15
1537245000,30.15
1537245600,30.15
1537246200,30.15
1537246800,30.15
1537247400,30.15
1537248000,30.15
1537248600,30.15
1537249200,30.15
1537249800,30.15
1537250400,30.15
1537251000,30.15
1537251600,30.15
1537252200,30.15
1537252800,30.15
1537253400,30.15
1537254000,30.15
1537254600,30.15
1537255200,30.15
1537255800,30.15
1537256400,30.15
1537257000,30.15
1537257600,30.15
1537258200,30.15
1537258800,30.15
1537259400,30.15
1537260000,30.15
1537260600,30.15
1537261200,30.15
1537261800,30.15
1537262400,30.15
1537263000,30.15
1537263600,30.15
1537264200,30.15
1537264800,30.15
1537265400,30.15
1537266000,30.15
1537266600,30.15
1537267200,30.15
1537267800,30.15
1537268400,30.15
1537269000,30.15
1537269600,30.15
1537270200,30.15
1537270800,30.15
1537271400,30.15
1537272000,30.15
1537272600,30.15
1537273200,30.15
1537273800,30.15
1537274400,30.15
1537275000,30.15
1537275600,30.15
1537276200,30.15
1537276800,30.15
1537277400,30.15
1537278000,30.15
1537278600,30.15
1537279200,30.15
1537279800,30.15
1537280400,30.15
1537281000,30.15
1537281600,30.15
1537282200,30.15
1537282800,30.15
1537283400,30.15
1537284000,30.15
1537284600,30.15
1537285200,30.15
1537285800,30.15
1537286400,30.15
1537287000,30.15
1537287600,30.15
1537288200,30.15
1537288800,30.15
1537289400,30.15
1537290000,30.15
1537290600,30.15
1537291200,30.15
1537291800,30.15
1537292400,30.15
1537293000,30.15
1537293600,30.15
1537294200,30.15
1537294800,30.15
1537295400,30.15
1537296000,30.15
1537296600,30.15
1537297200,30.15
1537297800,30.15
1537298400,30.15
1537299000,30.15
1537299600,30.15
1537300200,30.15
1537300800,30.15
1537301400,30.15
1537302000,30.15
1537302600,30.15
1537303200,30.15
1537303800,30.15
1537304400,30.15
1537305000,30.15
1537305600,30.15
1537306200,30.15
1537306800,30.15
1537307400,30.15
1537308000,30.15
1537308600,30.15
1537309200,30.15
1537309800,30.15
1537310400,30.15
1537311000,30.15
1537311600,30.15
1537312200,30.15
1537312800,30.15
1537313400,30.15
1537314000,30.15
1537314600,30.15
1537315200,30.15
1537315800,30.15
1537316400,30.15
1537317000,30.15
1537317600,30.15
1537318200,30.15
1537318800,30.15
1537319400,30.15
1537320000,30.15
1537320600,30.15
1537321200,30.15
1537321800,30.15
1537322400,30.15
1537323000,30.15
1537323600,30.15
1537324200,30.15
1537324800,30.15
1537325400,30.15
1537326000,30.15
1537326600,30.15
1537327200,30.15
1537327800,30.15
1537328400,30.15
1537329000,30.15
1537329600,30.15
1537330200,30.15
1537330800,30.15
1537331400,30.15
1537332000,30.15
1537332600,30.15
1537333200,30.15
1537333800,30.15
1537334400,30.15
1537335000,30.15
1537335600,30.15
1537336200,30.15
1537336800,30.15
1537337400,30.15
1537338000,30.15
1537338600,30.15
1537339200,30.15
1537339800,30.15
1537340400,30.15
1537341000,30.15
1537341600,30.15
1537342200,30.15
1537342800,30.15
1537343400,30.15
1537344000,30.15
1537344600,30.15
1537345200,30.15
1537345800,30.15
1537346400,30.15
1537347000,30.15
1537347600,30.15
1537348200,30.15
1537348800,30.15
1537349400,30.15
1537350000,30.15
1537350600,30.15
1537351200,30.15
1537351800,30.15
1537352400,30.15
1537353000,30.15
1537353600,30.15
1537354200,30.15
1537354800,30.15
1537355400,30.15
1537356000,30.15
1537356600,30.15
1537357200,30.15
1537357800,30.15
1537358400,30.15
1537359000,30.15
1537359600,30.15
1537360200,30.15
1537360800,30.15
1537361400,30.15
1537362000,30.15
1537362600,30.15
1537363200,30.15
1537363800,30.15
1537364400,30.15
1537365000,30.15
1537365600,30.15
1537366200,30.15
1537366800,30.15
1537367400,30.15
1537368000,30.15
1537368600,30.15
1537369200,30.15
1537369800,30.15
1537370400,30.15
1537371000,30.15
1537371600,30.15
1537372200,30.15
1537372800,30.15
1537373400,30.15
1537374000,30.15
1537374600,30.15
1537375200,30.15
1537375800,30.15
1537376400,30.15
1537377000,30.15
1537377600,30.15
1537378200,30.15
1537378800,30.15
1537379400,30.15
1537380000,30.15
1537380600,30.15
1537381200,30.15
1537381800,30.15
1537382400,30.15
1537383000,30.15
1537383600,30.15
1537384200,30.15
1537384800,30.15
1537385400,30.15
1537386000,30.15
1537386600,30.15
1537387200,30.15
1537387800,30.15
1537388400,30.15
1537389000,30.15
1537389600,30.15
1537390200,30.15
1537390800,30.15
1537391400,30.15
1537392000,30.15
1537392600,30.15
1537393200,30.15
1537393800,30.15
1537394400,30.15
1537395000,30.15
1537395600,30.15
1537396200,30.15
1537396800,30.15
1537397400,30.15
1537398000,30.15
1537398600,30.15
1537399200,30.15
1537399800,30.15
1537400400,30.15
1537401000,30.15
1537401600,30.15
1537402200,30.15
1537402800,30.15
1537403400,30.15
1537404000,30.15
1537404600,30.15
1537405200,30.15
1537405800,30.15
1537406400,30.15
1537407000,30.15
1537407600,30.15
1537408200,30.15
1537408800,30.15
1537409400,30.15
1537410000,30.15
1537410600,30.15
1537411200,30.15
1537411800,30.15
1537412400,30.15
1537413000,30.15
1537413600,30.15
1537414200,30.15
1537414800,30.15
1537415400,30.15
1537416000,30.15
1537416600,30.15
1537417200,30.15
1537417800,30.15
1537418400,30.15
1537419000,30.15
1537419600,30.15
1537420200,30.15
1537420800,30.15
1537421400,30.15
1537422000,30.15
1537422600,30.15
1537423200,30.15
1537423800,30.15
1537424400,30.15
1537425000,30.15
1537425600,30.15
1537426200,30.15
1537426800,30.15
1537427400,30.15
1537428000,30.15
1537428600,30.15
1537429200,30.15
1537429800,30.15
1537430400,30.15
1537431000,30.15
1537431600,30.15
1537432200,30.15
1537432800,30.15
1537433400,30.15
1537434000,30.15
1537434600,30.15
1537435200,30.15
1537435800,30.15
1537436400,30.15
1537437000,30.15
1537437600,30.15
1537438200,30.15
1537438800,30.15
1537439400,30.15
1537440000,30.15
1537440600,30.15
1537441200,30.15
1537441800,30.15
1537442400,30.15
1537443000,30.15
1537443600,30.15
1537444200,30.15
1537444800,30.15
1537445400,30.15
1537446000,30.15
1537446600,30.15
1537447200,30.15
1537447800,30.15
1537448400,30.15
1537449000,30.15
1537449600,30.15
1537450200,30.15
1537450800,30.15
1537451400,30.15
1537452000,30.15
1537452600,30.15
1537453200,30.15
1537453800,30.15
1537454400,30.15
1537455000,30.15
1537455600,30.15
1537456200,30.15
1537456800,30.15
1537457400,30.15
1537458000,30.15
1537458600,30.15
1537459200,30.15
1537459800,30.15
1537460400,30.15
1537461000,30.15
1537461600,30.15
1537462200,30.15
1537462800,30.15
1537463400,30.15
1537464000,30.15
1537464600,30.15
1537465200,30.15
1537465800,30.15
1537466400,30.15
1537467000,30.15
1537467600,30.15
1537468200,30.15
1537468800,30.15
1537469400,30.15
1537470000,30.15
1537470600,30.15
1537471200,30.15
1537471800,30.15
1537472400,30.15
1537473000,30.15
1537473600,30.15
1537474200,30.15
1537474800,30.15
1537475400,30.15
1537476000,30.15
1537476600,30.15
1537477200,30.15
1537477800,30.15
1537478400,30.15
1537479000,30.15
1537479600,30.15
1537480200,30.15
1537480800,30.15
1537481400,30.15
1537482000,30.15
1537482600,30.15
1537483200,30.15
1537483800,30.15
1537484400,30.15
1537485000,30.15
1537485600,30.15
1537486200,30.15
1537486800,30.15
1537487400,30.15
1537488000,30.15
1537488600,30.15
1537489200,30.15
1537489800,30.15
1537490400,30.15
1537491000,30.15
1537491600,30.15
1537492200,30.15
1537492800,30.15
1537493400,30.15
1537494000,30.15
1537494600,30.15
1537495200,30.15
1537495800,30.15
1537496400,30.15
1537497000,30.15
1537497600,30.15
1537498200,30.15
1537498800,30.15
1537499400,30.15
1537500000,30.15
1537500600,30.15
1537501200,30.15
1537501800,30.15
1537502400,30.15
1537503000,30.15
1537503600,30.15
1537504200,30.15
1537504800,30.15
1537505400,30.15
1537506000,30.15
1537506600,30.15
1537507200,30.15
1537507800,30.15
1537508400,30.15
1537509000,30.15
1537509600,30.15
1537510200,30.15
1537510800,30.15
1537511400,30.15
1537512000,30.15
1537512600,30.15
1537513200,30.15
1537513800,30.15
1537514400,30.15
1537515000,30.15
1537515600,30.15
1537516200,30.15
1537516800,30.15
1537517400,30.15
1537518000,30.15
1537518600,30.15
1537519200,30.15
1537519800,30.15
1537520400,30.15
1537521000,30.15
1537521600,30.15
1537522200,30.15
1537522800,30.15
1537523400,30.15
1537524000,30.15
1537524600,30.15
1537525200,30.15
1537525800,30.15
1537526400,30.15
1537527000,30.15
1537527600,30.15
1537528200,30.15
1537528800,30.15
1537529400,30.15
1537530000,30.15
1537530600,30.15
1537531200,30.15
1537531800,30.15
1537532400,30.15
1537533000,30.15
1537533600,30.15
1537534200,30.15
1537534800,30.15
1537535400,30.15
1537536000,30.15
1537536600,30.15
1537537200,30.15
1537537800,30.15
1537538400,30.15
1537539000,30.15
1537539600,30.15
1537540200,30.15
1537540800,30.15
1537541400,30.15
1537542000,30.15
1537542600,30.15
1537543200,30.15
1537543800,30.15
1537544400,30.15
1537545000,30.15
1537545600,30.15
1537546200,30.15
1537546800,30.15
1537547400,30.15
1537548000,30.15
1537548600,30.15
1537549200,30.15
1537549800,30.15
1537550400,30.15
1537551000,30.15
1537551600,30.15
1537552200,30.15
1537552800,30.15
1537553400,30.15
1537554000,30.15
1537554600,30.15
1537555200,30.15
1537555800,30.15
1537556400,30.15
1537557000,30.15
1537557600,30.15
1537558200,30.15
1537558800,30.15
1537559400,30.15
1537560000,30.15
1537560600,30.15
1537561200,30.15
1537561800,30.15
1537562400,30.15
1537563000,30.15
1537563600,30.15
1537564200,30.15
1537564800,30.15
1537565400,30.15
1537566000,30.15
1537566600,30.15
1537567200,30.15
1537567800,30.15
1537568400,30.15
1537569000,30.15
1537569600,30.15
1537570200,30.15
1537570800,30.15
1537571400,30.15
1537572000,30.15
1537572600,30.15
1537573200,30.15
1537573800,30.15
1537574400,30.15
1537575000,30.15
1537575600,30.15
1537576200,30.15
1537576800,30.15
1537577400,30.15
1537578000,30.15
1537578600,30.15
1537579200,30.15
1537579800,30.15
1537580400,30.15
1537581000,30.15
1537581600,30.15
1537582200,30.15
1537582800,30.15
1537583400,30.15
1537584000,30.15
1537584600,30.15
1537585200,30.15
1537585800,30.15
1537586400,30.15
1537587000,30.15
1537587600,30.15
1537588200,30.15
1537588800,30.15
1537589400,30.15
1537590000,30.15
1537590600,30.15
1537591200,30.15
1537591800,30.15
1537592400,30.15
1537593000,30.15
1537593600,30.15
1537594200,30.15
1537594800,30.15
1537595400,30.15
1537596000,30.15
1537596600,30.15
1537597200,30.15
1537597800,30.15
1537598400,30.15
1537599000,30.15
1537599600,30.15
1537600200,30.15
1537600800,30.15
1537601400,30.15
1537602000,30.15
1537602600,30.15
1537603200,30.15
1537603800,30.15
1537604400,30.15
1537605000,30.15
1537605600,30.15
1537606200,30.15
1537606800,30.15
1537607400,30.15
1537608000,30.15
1537608600,30.15
1537609200,30.15
1537609800,30.15
1537610400,30.15
1537611000,30.15
1537611600,30.15
1537612200,30.15
1537612800,30.15
1537613400,30.15
1537614000,30.15
1537614600,30.15
1537615200,30.15
1537615800,30.15
1537616400,30.15
1537617000,30.15
1537617600,30.15
1537618200,30.15
1537618800,30.15
1537619400,30.15
1537620000,30.15
1537620600,30.15
1537621200,30.15
1537621800,30.15
1537622400,30.15
1537623000,30.15
1537623600,30.15
1537624200,30.15
1537624800,30.15
1537625400,30.15
1537626000,30.15
1537626600,30.15
1537627200,30.15
1537627800,30.15
1537628400,30.15
1537629000,30.15
1537629600,30.15
1537630200,30.15
1537630800,30.15
1537631400,30.15
1537632000,30.15
1537632600,30.15
1537633200,30.15
1537633800,30.15
1537634400,30.15
1537635000,30.15
1537635600,30.15
1537636200,30.15
1537636800,30.15
1537637400,30.15
1537638000,30.15
1537638600,30.15
1537639200,30.15
1537639800,30.15
1537640400,30.15
1537641000,30.15
1537641600,30.15
1537642200,30.15
1537642800,30.15
1537643400,30.15
1537644000,30.15
1537644600,30.15
1537645200,30.15
1537645800,30.15
1537646400,30.15
1537647000,30.15
1537647600,30.15
1537648200,30.15
1537648800,30.15
1537649400,30.15
1537650000,30.15
1537650600,30.15
1537651200,30.15
1537651800,30.15
1537652400,30.15
1537653000,30.15
1537653600,30.15
1537654200,30.15
1537654800,30.15
1537655400,30.15
1537656000,30.15
1537656600,30.15
1537657200,30.15
1537657800,30.15
1537658400,30.15
1537659000,30.15
1537659600,30.15
1537660200,30.15
1537660800,30.15
1537661400,30.15
1537662000,30.15
1537662600,30.15
1537663200,30.15
1537663800,30.15
1537664400,30.15
1537665000,30.15
1537665600,30.15
1537666200,30.15
1537666800,30.15
1537667400,30.15
1537668000,30.15
1537668600,30.15
1537669200,30.15
1537669800,30.15
1537670400,30.15
1537671000,30.15
1537671600,30.15
1537672200,30.15
1537672800,30.15
1537673400,30.15
1537674000,30.15
1537674600,30.15
1537675200,30.15
1537675800,30.15
1537676400,30.15
1537677000,30.15
1537677600,30.15
1537678200,30.15
1537678800,30.15
1537679400,30.15
1537680000,30.15
1537680600,30.15
1537681200,30.15
1537681800,30.15
1537682400,30.15
1537683000,30.15
1537683600,30.15
1537684200,30.15
1537684800,30.15
1537685400,30.15
1537686000,30.15
1537686600,30.15
1537687200,30.15
1537687800,30.15
1537688400,30.15
1537689000,30.15
1537689600,30.15
1537690200,30.15
1537690800,30.15
1537691400,30.15
1537692000,30.15
1537692600,30.15
1537693200,30.15
1537693800,30.15
1537694400,30.15
1537695000,30.15
1537695600,30.15
1537696200,30.15
1537696800,30.15
1537697400,30.15
1537698000,30.15
1537698600,30.15
1537699200,30.15
1537699800,30.15
1537700400,30.15
1537701000,30.15
1537701600,30.15
1537702200,30.15
1537702800,30.15
1537703400,30.15
1537704000,30.15
1537704600,30.15
1537705200,30.15
1537705800,30.15
1537706400,30.15
1537707000,30.15
1537707600,30.15
1537708200,30.15
1537708800,30.15
1537709400,30.15
1537710000,30.15
1537710600,30.15
1537711200,30.15
1537711800,30.15
1537712400,30.15
1537713000,30.15
1537713600,30.15
1537714200,30.15
1537714800,30.15
1537715400,30.15
1537716000,30.15
1537716600,30.15
1537717200,30.15
1537717800,30.15
1537718400,30.15
1537719000,30.15
1537719600,30.15
1537720200,30.15
1537720800,30.15
1537721400,30.15
1537722000,30.15
1537722600,30.15
1537723200,30.15
1537723800,30.15
1537724400,30.15
1537725000,30.15
1537725600,30.15
1537726200,30.15
1537726800,30.15
1537727400,30.15
1537728000,30.15
1537728600,30.15
1537729200,30.15
1537729800,30.15
1537730400,30.15
1537731000,30.15
1537731600,30.15
1537732200,30.15
1537732800,30.15
1537733400,30.15
1537734000,30.15
1537734600,30.15
1537735200,30.15
1537735800,30.15
1537736400,30.15
1537737000,30.15
1537737600,30.15
1537738200,30.15
1537738800,30.15
1537739400,30.15
1537740000,30.15
1537740600,30.15
1537741200,30.15
1537741800,30.15
1537742400,30.15
1537743000,30.15
1537743600,30.15
1537744200,30.15
1537744800,30.15
1537745400,30.15
1537746000,30.15
1537746600,30.15
1537747200,30.15
1537747800,30.15
1537748400,30.15
1537749000,30.15
1537749600,30.15
1537750200,30.15
1537750800,30.15
1537751400,30.15
1537752000,30.15
1537752600,30.15
1537753200,30.15
1537753800,30.15
1537754400,30.15
1537755000,30.15
1537755600,30.15
1537756200,30.15
1537756800,30.15
1537757400,30.15
1537758000,30.15
1537758600,30.15
1537759200,30.15
1537759800,30.15
1537760400,30.15
1537761000,30.15
1537761600,30.15
1537762200,30.15
1537762800,30.15
1537763400,30.15
1537764000,30.15
1537764600,30.15
1537765200,30.15
1537765800,30.15
1537766400,30.15
1537767000,30.15
1537767600,30.15
1537768200,30.15
1537768800,30.15
1537769400,30.15
1537770000,30.15
1537770600,30.15
1537771200,30.15
1537771800,30.15
1537772400,30.15
1537773000,30.15
1537773600,30.15
1537774200,30.15
1537774800,30.15
1537775400,30.15
1537776000,30.15
1537776600,30.15
1537777200,30.15
1537777800,30.15
1537778400,30.15
1537779000,30.15
1537779600,30.15
1537780200,30.15
1537780800,30.15
1537781400,30.15
1537782000,30.15
1537782600,30.15
1537783200,30.15
1537783800,30.15
1537784400,30.15
1537785000,30.15
1537785600,30.15
1537786200,30.15
1537786800,30.15
1537787400,30.15
1537788000,30.15
1537788600,30.15
1537789200,30.15
1537789800,30.15
1537790400,30.15
1537791000,30.15
1537791600,30.15
1537792200,30.15
1537792800,30.15
1537793400,30.15
1537794000,30.15
1537794600,30.15
1537795200,30.15
1537795800,30.15
1537796400,30.15
1537797000,30.15
1537797600,30.15
1537798200,30.15
1537798800,30.15
1537799400,30.15
1537800000,30.15
1537800600,30.15
1537801200,30.15
1537801800,30.15
1537802400,30.15
1537803000,30.15
1537803600,30.15
1537804200,30.15
1537804800,30.15
1537805400,30.15
1537806000,30.15
1537806600,30.15
1537807200,30.15
1537807800,30.15
1537808400,30.15
1537809000,30.15
1537809600,30.15
1537810200,30.15
1537810800,30.15
1537811400,30.15
1537812000,30.15
1537812600,30.15
1537813200,30.15
1537813800,30.15
1537814400,30.15
1537815000,30.15
1537815600,30.15
1537816200,30.15
1537816800,30.15
1537817400,30.15
1537818000,30.15
1537818600,30.15
1537819200,30.15
1537819800,30.15
1537820400,30.15
1537821000,30.15
1537821600,30.15
1537822200,30.15
1537822800,30.15
1537823400,30.15
1537824000,30.15
1537824600,30.15
1537825200,30.15
1537825800,30.15
1537826400,30.15
1537827000,30.15
1537827600,30.15
1537828200,30.15
1537828800,30.15
1537829400,30.15
1537830000,30.15
1537830600,30.15
1537831200,30.15
1537831800,30.15
1537832400,30.15
1537833000,30.15
1537833600,30.15
1537834200,30.15
1537834800,30.15
1537835400,30.15
1537836000,30.15
1537836600,30.15
1537837200,30.15
1537837800,30.15
1537838400,30.15
1537839000,30.15
1537839600,30.15
1537840200,30.15
1537840800,30.15
1537841400,30.15
1537842000,30.15
1537842600,30.15
1537843200,30.15
1537843800,30.15
1537844400,30.15
1537845000,30.15
1537845600,30.15
1537846200,30.15
1537846800,30.15
1537847400,30.15
1537848000,30.15
1537848600,30.15
1537849200,30.15
1537849800,30.15
1537850400,30.15
1537851000,30.15
1537851600,30.15
1537852200,30.15
1537852800,30.15
1537853400,30.15
1537854000,30.15
1537854600,30.15
1537855200,30.15
1537855800,30.15
1537856400,30.15
1537857000,30.15
1537857600,30.15
1537858200,30.15
1537858800,30.15
1537859400,30.15
1537860000,30.15
1537860600,30.15
1537861200,30.15
1537861800,30.15
1537862400,30.15
1537863000,30.15
1537863600,30.15
1537864200,30.15
1537864800,30.15
1537865400,30.15
1537866000,30.15
1537866600,30.15
1537867200,30.15
1537867800,30.15
1537868400,30.15
1537869000,30.15
1537869600,30.15
1537870200,30.15
1537870800,30.15
1537871400,30.15
1537872000,30.15
1537872600,30.15
1537873200,30.15
1537873800,30.15
1537874400,30.15
1537875000,30.15
1537875600,30.15
1537876200,30.15
1537876800,30.15
1537877400,30.15
1537878000,30.15
1537878600,30.15
1537879200,30.15
1537879800,30.15
1537880400,30.15
1537881000,30.15
1537881600,30.15
1537882200,30.15
1537882800,30.15
1537883400,30.15
1537884000,30.15
1537884600,30.15
1537885200,30.15
1537885800,30.15
1537886400,30.15
1537887000,30.15
1537887600,30.15
1537888200,30.15
1537888800,30.15
1537889400,30.15
1537890000,30.15
1537890600,30.15
1537891200,30.15
1537891800,30.15
1537892400,30.15
1537893000,30.15
1537893600,30.15
1537894200,30.15
1537894800,30.15
1537895400,30.15
1537896000,30.15
1537896600,30.15
1537897200,30.15
1537897800,30.15
1537898400,30.15
1537899000,30.15
1537899600,30.15
1537900200,30.15
1537900800,30.15
1537901400,30.15
1537902000,30.15
1537902600,30.15
1537903200,30.15
1537903800,30.15
1537904400,30.15
1537905000,30.15
1537905600,30.15
1537906200,30.15
1537906800,30.15
1537907400,30.15
1537908000,30.15
1537908600,30.15
1537909200,30.15
1537909800,30.15
1537910400,30.15
1537911000,30.15
1537911600,30.15
1537912200,30.15
1537912800,30.15
1537913400,30.15
1537914000,30.15
1537914600,30.15
1537915200,30.15
1537915800,30.15
1537916400,30.15
1537917000,30.15
1537917600,30.15
1537918200,30.15
1537918800,30.15
1537919400,30.15
1537920000,30.15
1537920600,30.15
1537921200,30.15
1537921800,30.15
1537922400,30.15
1537923000,30.15
1537923600,30.15
1537924200,30.15
1537924800,30.15
1537925400,30.15
1537926000,30.15
1537926600,30.15
1537927200,30.15
1537927800,30.15
1537928400,30.15
1537929000,30.15
1537929600,30.15
1537930200,30.15
1537930800,30.15
1537931400,30.15
1537932000,30.15
1537932600,30.15
1537933200,30.15
1537933800,30.15
1537934400,30.15
1537935000,30.15
1537935600,30.15
1537936200,30.15
1537936800,30.15
1537937400,30.15
1537938000,30.15
1537938600,30.15
1537939200,30.15
1537939800,30.15
1537940400,30.15
1537941000,30.15
1537941600,30.15
1537942200,30.15
1537942800,30.15
1537943400,30.15
1537944000,30.15
1537944600,30.15
1537945200,30.15
1537945800,30.15
1537946400,30.15
1537947000,30.15
1537947600,30.15
1537948200,30.15
1537948800,30.15
1537949400,30.15
1537950000,30.15
1537950600,30.15
1537951200,30.15
1537951800,30.15
1537952400,30.15
1537953000,30.15
1537953600,30.15
1537954200,30.15
1537954800,30.15
1537955400,30.15
1537956000,30.15
1537956600,30.15
1537957200,30.15
1537957800,30.15
1537958400,30.15
1537959000,30.15
1537959600,30.15
1537960200,30.15
1537960800,30.15
1537961400,30.15
1537962000,30.15
1537962600,30.15
1537963200,30.15
1537963800,30.15
1537964400,30.15
1537965000,30.15
1537965600,30.15
1537966200,30.15
1537966800,30.15
1537967400,30.15
1537968000,30.15
1537968600,30.15
1537969200,30.15
1537969800,30.15
1537970400,30.15
1537971000,30.15
1537971600,30.15
1537972200,30.15
1537972800,30.15
1537973400,30.15
1537974000,30.15
1537974600,30.15
1537975200,30.15
1537975800,30.15
1537976400,30.15
1537977000,30.15
1537977600,30.15
1537978200,30.15
1537978800,30.15
1537979400,30.15
1537980000,30.15
1537980600,30.15
1537981200,30.15
1537981800,30.15
1537982400,30.15
1537983000,30.15
1537983600,30.15
1537984200,30.15
1537984800,30.15
1537985400,30.15
1537986000,30.15
1537986600,30.15
1537987200,30.15
1537987800,30.15
1537988400,30.15
1537989000,30.15
1537989600,30.15
1537990200,30.15
1537990800,30.15
1537991400,30.15
1537992000,30.15
1537992600,30.15
1537993200,30.15
1537993800,30.15
1537994400,30.15
1537995000,30.15
1537995600,30.15
1537996200,30.15
1537996800,30.15
1537997400,30.15
1537998000,30.15
1537998600,30.15
1537999200,30.15
1537999800,30.15
1538000400,30.15
1538001000,30.15
1538001600,30.15
1538002200,30.15
1538002800,30.15
1538003400,30.15
1538004000,30.15
1538004600,30.15
1538005200,30.15
1538005800,30.15
1538006400,30.15
1538007000,30.15
1538007600,30.15
1538008200,30.15
1538008800,30.15
1538009400,30.15
1538010000,30.15
1538010600,30.15
1538011200,30.15
1538011800,30.15
1538012400,30.15
1538013000,30.15
1538013600,30.15
1538014200,30.15
1538014800,30.15
1538015400,30.15
1538016000,30.15
1538016600,30.15
1538017200,30.15
1538017800,30.15
1538018400,30.15
1538019000,30.15
1538019600,30.15
1538020200,30.15
1538020800,30.15
1538021400,30.15
1538022000,30.15
1538022600,30.15
1538023200,30.15
1538023800,30.15
1538024400,30.15
1538025000,30.15
1538025600,30.15
1538026200,30.15
1538026800,30.15
1538027400,30.15
1538028000,30.15
1538028600,30.15
1538029200,30.15
1538029800,30.15
1538030400,30.15
1538031000,30.15
1538031600,30.15
1538032200,30.15
1538032800,30.15
1538033400,30.15
1538034000,30.15
1538034600,30.15
1538035200,30.15
1538035800,30.15
1538036400,30.15
1538037000,30.15
1538037600,30.15
1538038200,30.15
1538038800,30.15
1538039400,30.15
1538040000,30.15
1538040600,30.15
1538041200,30.15
1538041800,30.15
1538042400,30.15
1538043000,30.15
1538043600,30.15
1538044200,30.15
1538044800,30.15
1538045400,30.15
1538046000,30.15
1538046600,30.15
1538047200,30.15
1538047800,30.15
1538048400,30.15
1538049000,30.15
1538049600,30.15
1538050200,30.15
1538050800,30.15
1538051400,30.15
1538052000,30.15
1538052600,30.15
1538053200,30.15
1538053800,30.15
1538054400,30.15
1538055000,30.15
1538055600,30.15
1538056200,30.15
1538056800,30.15
1538057400,30.15
1538058000,30.15
1538058600,30.15
1538059200,30.15
1538059800,30.15
1538060400,30.15
1538061000,30.15
1538061600,30.15
1538062200,30.15
1538062800,30.15
1538063400,30.15
1538064000,30.15
1538064600,30.15
1538065200,30.15
1538065800,30.15
1538066400,30.15
1538067000,30.15
1538067600,30.15
1538068200,30.15
1538068800,30.15
1538069400,30.15
1538070000,30.15
1538070600,30.15
1538071200,30.15
1538071800,30.15
1538072400,30.15
1538073000,30.15
1538073600,30.15
1538074200,30.15
1538074800,30.15
1538075400,30.15
1538076000,30.15
1538076600,30.15
1538077200,30.15
1538077800,30.15
1538078400,30.15
1538079000,30.15
1538079600,30.15
1538080200,30.15
1538080800,30.15
1538081400,30.15
1538082000,30.15
1538082600,30.15
1538083200,30.15
1538083800,30.15
1538084400,30.15
1538085000,30.15
1538085600,30.15
1538086200,30.15
1538086800,30.15
1538087400,30.15
1538088000,30.15
1538088600,30.15
1538089200,30.15
1538089800,30.15
1538090400,30.15
1538091000,30.15
1538091600,30.15
1538092200,30.15
1538092800,30.15
1538093400,30.15
1538094000,30.15
1538094600,30.15
1538095200,30.15
1538095800,30.15
1538096400,30.15
1538097000,30.15
1538097600,30.15
1538098200,30.15
1538098800,30.15
1538099400,30.15
1538100000,30.15
1538100600,30.15
1538101200,30.15
1538101800,30.15
1538102400,30.15
1538103000,30.15
1538103600,30.15
1538104200,30.15
1538104800,30.15
1538105400,30.15
1538106000,30.15
1538106600,30.15
1538107200,30.15
1538107800,30.15
1538108400,30.15
1538109000,30.15
1538109600,30.15
1538110200,30.15
1538110800,30.15
1538111400,30.15
1538112000,30.15
1538112600,30.15
1538113200,30.15
1538113800,30.15
1538114400,30.15
1538115000,30.15
1538115600,30.15
1538116200,30.15
1538116800,30.15
1538117400,30.15
1538118000,30.15
1538118600,30.15
1538119200,30.15
1538119800,30.15
1538120400,30.15
1538121000,30.15
1538121600,30.15
1538122200,30.15
1538122800,30.15
1538123400,30.15
1538124000,30.15
1538124600,30.15
1538125200,30.15
1538125800,30.15
1538126400,30.15
1538127000,30.15
1538127600,30.15
1538128200,30.15
1538128800,30.15
1538129400,30.15
1538130000,30.15
1538130600,30.15
1538131200,30.15
1538131800,30.15
1538132400,30.15
1538133000,30.15
1538133600,30.15
1538134200,30.15
1538134800,30.15
1538135400,30.15
1538136000,30.15
1538136600,30.15
1538137200,30.15
1538137800,30.15
1538138400,30.15
1538139000,30.15
1538139600,30.15
1538140200,30.15
1538140800,30.15
1538141400,30.15
1538142000,30.15
1538142600,30.15
1538143200,30.15
1538143800,30.15
1538144400,30.15
1538145000,30.15
1538145600,30.15
1538146200,30.15
1538146800,30.15
1538147400,30.15
1538148000,30.15
1538148600,30.15
1538149200,30.15
1538149800,30.15
1538150400,30.15
1538151000,30.15
1538151600,30.15
1538152200,30.15
1538152800,30.15
1538153400,30.15
1538154000,30.15
1538154600,30.15
1538155200,30.15
1538155800,30.15
1538156400,30.15
1538157000,30.15
1538157600,30.15
1538158200,30.15
1538158800,30.15
1538159400,30.15
1538160000,30.15
1538160600,30.15
1538161200,30.15
1538161800,30.15
1538162400,30.15
1538163000,30.15
1538163600,30.15
1538164200,30.15
1538164800,30.15
1538165400,30.15
1538166000,30.15
1538166600,30.15
1538167200,30.15
1538167800,30.15
1538168400,30.15
1538169000,30.15
1538169600,30.15
1538170200,30.15
1538170800,30.15
1538171400,30.15
1538172000,30.15
1538172600,30.15
1538173200,30.15
1538173800,30.15
1538174400,30.15
1538175000,30.15
1538175600,30.15
1538176200,30.15
1538176800,30.15
1538177400,30.15
1538178000,30.15
1538178600,30.15
1538179200,30.15
1538179800,30.15
1538180400,30.15
1538181000,30.15
1538181600,30.15
1538182200,30.15
1538182800,30.15
1538183400,30.15
1538184000,30.15
1538184600,30.15
1538185200,30.15
1538185800,30.15
1538186400,30.15
1538187000,30.15
1538187600,30.15
1538188200,30.15
1538188800,30.15
1538189400,30.15
1538190000,30.15
1538190600,30.15
1538191200,30.15
1538191800,30.15
1538192400,30.15
1538193000,30.15
1538193600,30.15
1538194200,30.15
1538194800,30.15
1538195400,30.15
1538196000,30.15
1538196600,30.15
1538197200,30.15
1538197800,30.15
1538198400,30.15
1538199000,30.15
1538199600,30.15
1538200200,30.15
1538200800,30.15
1538201400,30.15
1538202000,30.15
1538202600,30.15
1538203200,30.15
1538203800,30.15
1538204400,30.15
1538205000,30.15
1538205600,30.15
1538206200,30.15
1538206800,30.15
1538207400,30.15
1538208000,30.15
1538208600,30.15
1538209200,30.15
1538209800,30.15
1538210400,30.15
1538211000,30.15
1538211600,30.15
1538212200,30.15
1538212800,30.15
1538213400,30.15
1538214000,30.15
1538214600,30.15
1538215200,30.15
1538215800,30.15
1538216400,30.15
1538217000,30.15
1538217600,30.15
1538218200,30.15
1538218800,30.15
1538219400,30.15
1538220000,30.15
1538220600,30.15
1538221200,30.15
1538221800,30.15
1538222400,30.15
1538223000,30.15
1538223600,30.15
1538224200,30.15
1538224800,30.15
1538225400,30.15
1538226000,30.15
1538226600,30.15
1538227200,30.15
1538227800,30.15
1538228400,30.15
1538229000,30.15
1538229600,30.15
1538230200,30.15
1538230800,30.15
1538231400,30.15
1538232000,30.15
1538232600,30.15
1538233200,30.15
1538233800,30.15
1538234400,30.15
1538235000,30.15
1538235600,30.15
1538236200,30.15
1538236800,30.15
1538237400,30.15
1538238000,30.15
1538238600,30.15
1538239200,30.15
1538239800,30.15
1538240400,30.15
1538241000,30.15
1538241600,30.15
1538242200,30.15
1538242800,30.15
1538243400,30.15
1538244000,30.15
1538244600,30.15
1538245200,30.15
1538245800,30.15
1538246400,30.15
1538247000,30.15
1538247600,30.15
1538248200,30.15
1538248800,30.15
1538249400,30.15
1538250000,30.15
1538250600,30.15
1538251200,30.15
1538251800,30.15
1538252400,30.15
1538253000,30.15
1538253600,30.15
1538254200,30.15
1538254800,30.15
1538255400,30.15
1538256000,30.15
1538256600,30.15
1538257200,30.15
1538257800,30.15
1538258400,30.15
1538259000,30.15
1538259600,30.15
1538260200,30.15
1538260800,30.15
1538261400,30.15
1538262000,30.15
1538262600,30.15
1538263200,30.15
1538263800,30.15
1538264400,30.15
1538265000,30.15
1538265600,30.15
1538266200,30.15
1538266800,30.15
1538267400,30.15
1538268000,30.15
1538268600,30.15
1538269200,30.15
1538269800,30.15
1538270400,30.15
1538271000,30.15
1538271600,30.15
1538272200,30.15
1538272800,30.15
1538273400,30.15
1538274000,30.15
1538274600,30.15
1538275200,30.15
1538275800,30.15
1538276400,30.15
1538277000,30.15
1538277600,30.15
1538278200,30.15
1538278800,30.15
1538279400,30.15
1538280000,30.15
1538280600,30.15
1538281200,30.15
1538281800,30.15
1538282400,30.15
1538283000,30.15
1538283600,30.15
1538284200,30.15
1538284800,30.15
1538285400,30.15
1538286000,30.15
1538286600,30.15
1538287200,30.15
1538287800,30.15
1538288400,30.15
1538289000,30.15
1538289600,30.15
1538290200,30.15
1538290800,30.15
1538291400,30.15
1538292000,30.15
1538292600,30.15
1538293200,30.15
1538293800,30.15
1538294400,30.15
1538295000,30.15
1538295600,30.15
1538296200,30.15
1538296800,30.15
1538297400,30.15
1538298000,30.15
1538298600,30.15
1538299200,30.15
1538299800,30.15
1538300400,30.15
1538301000,30.15
1538301600,30.15
1538302200,30.15
1538302800,30.15
1538303400,30.15
1538304000,30.15
1538304600,30.15
1538305200,30.15
1538305800,30.15
1538306400,30.15
1538307000,30.15
1538307600,30.15
1538308200,30.15
1538308800,30.15
1538309400,30.15
1538310000,30.15
1538310600,30.15
1538311200,30.15
1538311800,30.15
1538312400,30.15
1538313000,30.15
1538313600,30.15
1538314200,30.15
1538314800,30.15
1538315400,30.15
1538316000,30.15
1538316600,30.15
1538317200,30.15
1538317800,30.15
1538318400,30.15
1538319000,30.15
1538319600,30.15
1538320200,30.15
1538320800,30.15
1538321400,30.15
1538322000,30.15
1538322600,30.15
1538323200,30.15
1538323800,30.15
1538324400,30.15
1538325000,30.15
1538325600,30.15
1538326200,30.15
1538326800,30.15
1538327400,30.15
1538328000,30.15
1538328600,30.15
1538329200,30.15
1538329800,30.15
1538330400,30.15
1538331000,30.15
1538331600,30.15
1538332200,30.15
1538332800,30.15
1538333400,30.15
1538334000,30.15
1538334600,30.15
1538335200,30.15
1538335800,30.15
1538336400,30.15
1538337000,30.15
1538337600,30.15
1538338200,30.15
1538338800,30.15
1538339400,30.15
1538340000,30.15
1538340600,30.15
1538341200,30.15
1538341800,30.15
1538342400,30.15
1538343000,30.15
1538343600,30.15
1538344200,30.15
1538344800,30.15
1538345400,30.15
1538346000,30.15
1538346600,30.15
1538347200,30.15
1538347800,30.15
1538348400,30.15
1538349000,30.15
1538349600,30.15
1538350200,30.15
1538350800,30.15
1538351400,30.15
1538352000,30.15
