Timestamp,Humidity
1487117400,
1487118000,
1487118600,
1487119200,
1487119800,
1487120400,
1487121000,
1487121600,
1487122200,
1487122800,
1487123400,
1487124000,
1487124600,
1487125200,
1487125800,
1487126400,
1487127000,
1487127600,
1487128200,
1487128800,
1487129400,
1487130000,
1487130600,
1487131200,
1487131800,
1487132400,
1487133000,
1487133600,
1487134200,
1487134800,
1487135400,
1487136000,
1487136600,57.77751851851852
1487137200,57.86315
1487137800,58.089150000000004
1487138400,58.1211
1487139000,58.1657
1487139600,58.22676666666668
1487140200,58.05966666666666
1487140800,57.80780000000001
1487141400,57.63213333333333
1487142000,57.29123333333333
1487142600,57.10395666666666
1487143200,56.90581666666667
1487143800,56.71911666666667
1487144400,56.49871666666667
1487145000,56.439866666666674
1487145600,56.23213333333333
1487146200,56.12776666666666
1487146800,56.048716666666664
1487147400,56.01931666666667
1487148000,56.22398333333333
1487148600,56.41753333333334
1487149200,56.54048333333334
1487149800,56.58368333333334
1487150400,56.60954999999999
1487151000,56.568116666666675
1487151600,56.575633333333336
1487152200,56.55878333333334
1487152800,56.60491666666667
1487153400,56.5939
1487154000,56.57948333333333
1487154600,56.5106
1487155200,56.468133333333334
1487155800,56.45881000000001
1487156400,56.39971666666666
1487157000,56.2691
1487157600,56.21876666666667
1487158200,56.90219999999999
1487158800,55.70615
1487159400,55.04793666666666
1487160000,54.90438333333334
1487160600,54.5588
1487161200,53.706450000000004
1487161800,52.43083333333334
1487162400,56.543533333333336
1487163000,56.03425
1487163600,56.271
1487164200,56.271
1487164800,56.271
1487165400,56.271
1487166000,56.271
1487166600,56.271
1487167200,56.271
1487167800,56.271
1487168400,56.271
1487169000,56.271
1487169600,56.271
1487170200,56.271
1487170800,56.271
1487171400,56.271
1487172000,56.271
1487172600,56.271
1487173200,56.271
1487173800,56.271
1487174400,56.271
1487175000,50.243500000000004
1487175600,49.971356666666665
1487176200,49.94325
1487176800,50.16335
1487177400,50.82626666666666
1487178000,50.95718333333333
1487178600,51.83703333333334
1487179200,53.02931666666667
1487179800,52.61693333333333
1487180400,52.65038333333333
1487181000,52.80403333333334
1487181600,53.097433333333335
1487182200,53.518916666666655
1487182800,53.43339999999999
1487183400,53.889616666666676
1487184000,53.997416666666666
1487184600,54.426916666666656
1487185200,54.4926
1487185800,54.449250000000006
1487186400,54.434000000000005
1487187000,54.388149999999996
1487187600,54.51369999999999
1487188200,54.35440000000001
1487188800,54.379643333333334
1487189400,55.96099999999999
1487190000,57.11383333333333
1487190600,57.3233
1487191200,57.411133333333325
1487191800,57.497366666666665
1487192400,57.471050000000005
1487193000,57.16723333333333
1487193600,56.94033333333333
1487194200,56.677350000000004
1487194800,56.568133333333336
1487195400,56.29175
1487196000,56.23866666666667
1487196600,56.1112
1487197200,55.9442
1487197800,55.7294
1487198400,55.638650000000005
1487199000,55.645500000000006
1487199600,56.203250000000004
1487200200,58.190083333333334
1487200800,58.71165
1487201400,58.76841666666667
1487202000,58.69865
1487202600,58.5902
1487203200,58.38985
1487203800,58.24936666666666
1487204400,57.94886666666666
1487205000,58.348049999999986
1487205600,58.012633333333326
1487206200,57.67406666666666
1487206800,57.34718333333335
1487207400,56.958933333333334
1487208000,56.76511666666668
1487208600,56.43438333333334
1487209200,56.1082
1487209800,55.95216666666666
1487210400,57.54385
1487211000,58.831333333333326
1487211600,58.939716666666676
1487212200,58.695550000000004
1487212800,58.5826
1487213400,58.21993333333334
1487214000,57.77475
1487214600,57.52792000000001
1487215200,57.469433333333335
1487215800,57.150283333333334
1487216400,56.878266666666676
1487217000,56.6259
1487217600,56.269600000000004
1487218200,55.908766666666665
1487218800,55.57326666666667
1487219400,55.241416666666666
1487220000,54.95205000000001
1487220600,55.69373333333334
1487221200,57.11710000000001
1487221800,57.24556666666666
1487222400,56.900649999999985
1487223000,56.532000000000004
1487223600,56.23929999999999
1487224200,55.8753
1487224800,55.64625000000001
1487225400,55.160950000000014
1487226000,54.996
1487226600,54.68115
1487227200,54.29260000000001
1487227800,54.06961
1487228400,53.820383333333325
1487229000,53.549866666666674
1487229600,53.35296666666666
1487230200,53.172333333333334
1487230800,53.11068333333334
1487231400,54.276250000000005
1487232000,55.446349999999995
1487232600,55.48611666666667
1487233200,55.386749999999985
1487233800,55.03845
1487234400,54.906349999999996
1487235000,54.655433333333335
1487235600,54.53845
1487236200,54.46775
1487236800,54.33415
1487237400,54.07811666666667
1487238000,53.96470000000001
1487238600,53.91400000000001
1487239200,53.759550000000004
1487239800,53.55614999999999
1487240400,53.3591
1487241000,53.092253333333325
1487241600,53.788266666666665
1487242200,55.35119999999999
1487242800,55.830133333333336
1487243400,55.76106666666667
1487244000,55.65258333333334
1487244600,55.41733333333333
1487245200,55.30435
1487245800,54.968050000000005
1487246400,54.85828333333334
1487247000,54.54126666666666
1487247600,53.462383333333335
1487248200,48.9353
1487248800,48.936749999999996
1487249400,47.9766
1487250000,47.27915
1487250600,47.268100000000004
1487251200,49.24559999999999
1487251800,51.1396
1487252400,52.0613
1487253000,51.835300000000004
1487253600,50.35080000000001
1487254200,50.4072
1487254800,50.51699999999999
1487255400,50.51299999999999
1487256000,50.17368333333333
1487256600,47.22476666666667
1487257200,51.481183333333334
1487257800,52.45115
1487258400,52.6845
1487259000,52.54121666666667
1487259600,52.70450000000001
1487260200,52.64045
1487260800,52.33678333333334
1487261400,52.62351666666666
1487262000,52.65816666666667
1487262600,53.354416666666665
1487263200,54.8317
1487263800,55.64431666666667
1487264400,56.22701666666667
1487265000,54.93911666666666
1487265600,55.28903333333333
1487266200,55.55623333333333
1487266800,55.11550000000001
1487267400,55.28655
1487268000,55.47514666666666
1487268600,55.803399999999996
1487269200,55.67361666666666
1487269800,55.76916666666666
1487270400,55.6909
1487271000,55.70441666666667
1487271600,55.69195
1487272200,55.684083333333334
1487272800,55.52035000000001
1487273400,57.60293333333334
1487274000,58.856033333333336
1487274600,59.122749999999996
1487275200,58.27329999999999
1487275800,58.37648333333334
1487276400,58.578199999999995
1487277000,58.61391666666666
1487277600,58.916016666666664
1487278200,58.237766666666666
1487278800,58.34100000000001
1487279400,58.40716666666667
1487280000,58.264133333333334
1487280600,58.08496666666667
1487281200,57.85879333333334
1487281800,57.674466666666675
1487282400,57.568700000000014
1487283000,57.261266666666664
1487283600,58.22665000000001
1487284200,60.16065000000001
1487284800,60.64354999999999
1487285400,60.64196666666667
1487286000,60.36728333333333
1487286600,60.324666666666666
1487287200,60.221033333333324
1487287800,60.10686666666667
1487288400,59.990566666666666
1487289000,59.88000000000001
1487289600,59.88000000000001
1487290200,59.88000000000001
1487290800,59.88000000000001
1487291400,59.88000000000001
1487292000,59.88000000000001
1487292600,59.88000000000001
1487293200,59.88000000000001
1487293800,59.88000000000001
1487294400,59.88000000000001
1487295000,59.88000000000001
1487295600,59.88000000000001
1487296200,59.88000000000001
1487296800,59.88000000000001
1487297400,59.88000000000001
1487298000,59.88000000000001
1487298600,59.88000000000001
1487299200,59.88000000000001
1487299800,59.88000000000001
1487300400,59.88000000000001
1487301000,59.88000000000001
1487301600,59.88000000000001
1487302200,59.88000000000001
1487302800,59.88000000000001
1487303400,59.88000000000001
1487304000,59.88000000000001
1487304600,59.88000000000001
1487305200,59.88000000000001
1487305800,59.88000000000001
1487306400,59.88000000000001
1487307000,59.88000000000001
1487307600,59.88000000000001
1487308200,59.88000000000001
1487308800,59.88000000000001
1487309400,59.88000000000001
1487310000,59.88000000000001
1487310600,59.88000000000001
1487311200,59.88000000000001
1487311800,59.88000000000001
1487312400,59.88000000000001
1487313000,59.88000000000001
1487313600,59.88000000000001
1487314200,59.88000000000001
1487314800,59.88000000000001
1487315400,59.88000000000001
1487316000,59.88000000000001
1487316600,59.88000000000001
1487317200,59.88000000000001
1487317800,59.88000000000001
1487318400,59.88000000000001
1487319000,59.88000000000001
1487319600,59.88000000000001
1487320200,59.88000000000001
1487320800,59.88000000000001
1487321400,59.88000000000001
1487322000,59.88000000000001
1487322600,59.88000000000001
1487323200,59.88000000000001
1487323800,59.88000000000001
1487324400,59.88000000000001
1487325000,59.88000000000001
1487325600,59.88000000000001
1487326200,59.88000000000001
1487326800,59.88000000000001
1487327400,59.88000000000001
1487328000,59.88000000000001
1487328600,59.88000000000001
1487329200,59.88000000000001
1487329800,59.88000000000001
1487330400,59.88000000000001
1487331000,59.88000000000001
1487331600,59.88000000000001
1487332200,59.88000000000001
1487332800,59.88000000000001
1487333400,59.88000000000001
1487334000,59.88000000000001
1487334600,56.80551666666666
1487335200,53.089549999999996
1487335800,59.2284
1487336400,58.76165000000001
1487337000,58.66165000000001
1487337600,58.663
1487338200,58.663
1487338800,57.602933333333326
1487339400,57.598816666666664
1487340000,58.01555
1487340600,58.57539999999999
1487341200,58.69825000000001
1487341800,58.62400000000001
1487342400,58.62400000000001
1487343000,58.62400000000001
1487343600,58.62400000000001
1487344200,58.62400000000001
1487344800,64.7987
1487345400,66.149
1487346000,66.149
1487346600,66.149
1487347200,66.149
1487347800,66.149
1487348400,66.149
1487349000,66.149
1487349600,66.149
1487350200,66.149
1487350800,66.149
1487351400,66.149
1487352000,66.149
1487352600,66.149
1487353200,66.149
1487353800,66.149
1487354400,66.149
1487355000,66.149
1487355600,66.149
1487356200,66.149
1487356800,66.149
1487357400,66.149
1487358000,66.149
1487358600,66.149
1487359200,66.149
1487359800,66.149
1487360400,66.149
1487361000,66.149
1487361600,66.149
1487362200,66.149
1487362800,66.149
1487363400,66.149
1487364000,66.149
1487364600,66.149
1487365200,66.149
1487365800,66.149
1487366400,66.149
1487367000,66.149
1487367600,66.149
1487368200,66.149
1487368800,66.149
1487369400,66.149
1487370000,66.149
1487370600,66.149
1487371200,66.149
1487371800,66.149
1487372400,66.149
1487373000,66.149
1487373600,66.149
1487374200,66.149
1487374800,66.149
1487375400,66.149
1487376000,66.149
1487376600,66.149
1487377200,66.149
1487377800,66.149
1487378400,66.149
1487379000,66.149
1487379600,66.149
1487380200,66.149
1487380800,66.149
1487381400,66.149
1487382000,66.149
1487382600,66.149
1487383200,66.149
1487383800,66.149
1487384400,66.149
1487385000,66.149
1487385600,66.149
1487386200,66.149
1487386800,66.149
1487387400,66.149
1487388000,66.149
1487388600,66.149
1487389200,66.149
1487389800,66.149
1487390400,66.149
1487391000,66.149
1487391600,66.149
1487392200,66.149
1487392800,66.149
1487393400,66.149
1487394000,66.149
1487394600,66.149
1487395200,66.149
1487395800,66.149
1487396400,66.149
1487397000,66.149
1487397600,66.149
1487398200,66.149
1487398800,66.149
1487399400,66.149
1487400000,66.149
1487400600,66.149
1487401200,66.149
1487401800,66.149
1487402400,56.042433333333335
1487403000,56.22188333333334
1487403600,55.244656666666664
1487404200,49.37193333333333
1487404800,50.59080000000001
1487405400,49.079533333333345
1487406000,48.4164
1487406600,49.289366666666666
1487407200,46.90705
1487407800,48.09623333333334
1487408400,46.13388333333333
1487409000,47.01221666666667
1487409600,47.874999999999986
1487410200,46.885
1487410800,48.91333333333334
1487411400,46.245000000000005
1487412000,46.96666666666667
1487412600,51.58833333333333
1487413200,51.105000000000004
1487413800,50.92666666666668
1487414400,50.64666666666666
1487415000,51.07833333333333
1487415600,51.43499999999999
1487416200,52.23333333333333
1487416800,50.964666666666666
1487417400,52.02333333333333
1487418000,52.50500000000001
1487418600,52.96500000000001
1487419200,53.388333333333335
1487419800,53.714999999999996
1487420400,54.288333333333334
1487421000,54.87166666666667
1487421600,55.21666666666666
1487422200,55.455000000000005
1487422800,55.588333333333345
1487423400,55.64333333333332
1487424000,55.45333333333333
1487424600,55.62833333333333
1487425200,53.838333333333345
1487425800,49.066666666666656
1487426400,46.230000000000004
1487427000,44.55166666666667
1487427600,45.19500000000001
1487428200,45.31333333333333
1487428800,45.92999999999999
1487429400,48.27666666666667
1487430000,49.29
1487430600,50.437333333333335
1487431200,51.586666666666666
1487431800,52.336666666666666
1487432400,52.81833333333333
1487433000,53.28500000000001
1487433600,53.70166666666667
1487434200,54.30333333333333
1487434800,54.516666666666666
1487435400,54.62833333333333
1487436000,54.60666666666666
1487436600,54.888333333333335
1487437200,55.23833333333333
1487437800,55.31833333333333
1487438400,55.325
1487439000,55.47833333333333
1487439600,55.27166666666667
1487440200,54.95333333333333
1487440800,55.17166666666666
1487441400,56.05
1487442000,56.638333333333335
1487442600,58.026666666666664
1487443200,58.56500000000001
1487443800,57.774
1487444400,58.05666666666666
1487445000,58.276666666666664
1487445600,58.53666666666667
1487446200,58.75833333333334
1487446800,59.35833333333333
1487447400,59.248333333333335
1487448000,59.175
1487448600,59.05166666666666
1487449200,58.708333333333336
1487449800,58.66833333333335
1487450400,58.70666666666667
1487451000,58.49666666666667
1487451600,58.85333333333334
1487452200,58.989999999999995
1487452800,59.24499999999999
1487453400,59.288333333333334
1487454000,59.15
1487454600,59.15999999999999
1487455200,59.129999999999995
1487455800,59.00833333333334
1487456400,58.855
1487457000,58.82666666666667
1487457600,58.46
1487458200,58.708333333333336
1487458800,58.76166666666668
1487459400,58.958333333333336
1487460000,58.290000000000006
1487460600,58.141666666666666
1487461200,58.08166666666666
1487461800,58.39333333333333
1487462400,58.368333333333325
1487463000,58.75333333333333
1487463600,59.42166666666667
1487464200,59.01166666666667
1487464800,59.040000000000006
1487465400,59.44166666666666
1487466000,59.13166666666666
1487466600,59.30500000000001
1487467200,59.14833333333333
1487467800,59.223333333333336
1487468400,59.506666666666675
1487469000,59.419999999999995
1487469600,59.4
1487470200,59.69666666666667
1487470800,59.80666666666667
1487471400,59.84499999999999
1487472000,59.73333333333333
1487472600,59.97833333333332
1487473200,60.335
1487473800,60.55333333333333
1487474400,60.625000000000014
1487475000,60.60000000000001
1487475600,60.61500000000001
1487476200,60.66333333333334
1487476800,60.669999999999995
1487477400,60.48166666666666
1487478000,60.529999999999994
1487478600,60.31999999999999
1487479200,60.545
1487479800,60.74499999999999
1487480400,60.63499999999999
1487481000,60.52333333333333
1487481600,60.10166666666667
1487482200,60.015
1487482800,60.016666666666666
1487483400,60.11999999999999
1487484000,60.045
1487484600,60.423333333333325
1487485200,60.515
1487485800,60.7
1487486400,60.730000000000004
1487487000,60.05
1487487600,60.289999999999985
1487488200,59.54
1487488800,59.40000000000001
1487489400,59.80499999999999
1487490000,59.43000000000001
1487490600,60.05500000000001
1487491200,59.665
1487491800,59.565
1487492400,59.470000000000006
1487493000,58.76000000000001
1487493600,58.97499999999999
1487494200,59.464999999999996
1487494800,59.78333333333334
1487495400,59.883333333333326
1487496000,59.98833333333333
1487496600,60.11
1487497200,59.82166666666667
1487497800,60.00066666666667
1487498400,60.163333333333334
1487499000,60.065
1487499600,60.12166666666667
1487500200,60.18166666666666
1487500800,60.09333333333334
1487501400,59.775
1487502000,52.99000000000001
1487502600,51.64
1487503200,50.760000000000005
1487503800,49.044999999999995
1487504400,49.92500000000001
1487505000,50.525
1487505600,54.19500000000001
1487506200,54.735
1487506800,55.44000000000001
1487507400,56.04
1487508000,56.78666666666667
1487508600,56.89333333333333
1487509200,57.15833333333334
1487509800,57.57833333333333
1487510400,57.94833333333334
1487511000,58.16333333333334
1487511600,58.39366666666666
1487512200,58.51500000000001
1487512800,58.67499999999999
1487513400,58.7
1487514000,58.790000000000006
1487514600,59.38000000000001
1487515200,59.904999999999994
1487515800,60.394999999999996
1487516400,60.40999999999999
1487517000,60.52500000000001
1487517600,60.69000000000001
1487518200,60.629999999999995
1487518800,60.6
1487519400,60.769999999999996
1487520000,60.75
1487520600,60.57000000000001
1487521200,60.56
1487521800,60.39333333333333
1487522400,60.71333333333333
1487523000,60.59666666666666
1487523600,60.80833333333334
1487524200,61.258333333333326
1487524800,61.623333333333335
1487525400,62.3
1487526000,62.830000000000005
1487526600,63.125
1487527200,63.335
1487527800,63.459999999999994
1487528400,63.56500000000001
1487529000,63.60000000000001
1487529600,63.55
1487530200,63.470000000000006
1487530800,63.33
1487531400,63.13000000000001
1487532000,63.395
1487532600,63.475
1487533200,63.404999999999994
1487533800,63.355
1487534400,63.25
1487535000,63.06
1487535600,63.373333333333335
1487536200,63.96333333333333
1487536800,64.31833333333333
1487537400,64.41166666666668
1487538000,64.44833333333334
1487538600,64.44066666666666
1487539200,64.28999999999999
1487539800,64.12500000000001
1487540400,64.08500000000001
1487541000,64.03
1487541600,64.06500000000001
1487542200,64.12500000000001
1487542800,64.13500000000002
1487543400,64.16
1487544000,64.025
1487544600,64.06500000000001
1487545200,64.02
1487545800,64.115
1487546400,64.625
1487547000,65.005
1487547600,65.28999999999999
1487548200,65.32
1487548800,65.40666666666667
1487549400,65.58333333333334
1487550000,66.02833333333332
1487550600,66.195
1487551200,66.21666666666667
1487551800,66.11
1487552400,65.965
1487553000,65.8
1487553600,65.67499999999998
1487554200,65.5
1487554800,65.32000000000001
1487555400,65.20000000000002
1487556000,65.02000000000001
1487556600,65.425
1487557200,65.91
1487557800,66.03
1487558400,66.255
1487559000,66.28
1487559600,66.22
1487560200,66.19000000000001
1487560800,66.14000000000001
1487561400,66.14500000000001
1487562000,66.11000000000001
1487562600,65.97666666666666
1487563200,65.845
1487563800,65.49166666666666
1487564400,65.38999999999999
1487565000,65.20133333333335
1487565600,65.06500000000001
1487566200,64.83166666666668
1487566800,64.68999999999998
1487567400,65.13000000000001
1487568000,65.36666666666667
1487568600,65.50166666666667
1487569200,65.36499999999998
1487569800,65.14166666666667
1487570400,64.83333333333334
1487571000,64.65333333333334
1487571600,64.47833333333332
1487572200,64.32666666666667
1487572800,64.03
1487573400,63.86333333333333
1487574000,63.714999999999996
1487574600,63.610000000000014
1487575200,63.404999999999994
1487575800,63.26833333333334
1487576400,63.19333333333334
1487577000,63.019999999999996
1487577600,63.294999999999995
1487578200,63.79333333333334
1487578800,63.94333333333333
1487579400,64.06500000000001
1487580000,64.16
1487580600,64.10166666666669
1487581200,64.10000000000001
1487581800,63.989999999999995
1487582400,63.970000000000006
1487583000,63.93666666666665
1487583600,63.970000000000006
1487584200,63.825
1487584800,63.725
1487585400,63.635000000000005
1487586000,63.56000000000002
1487586600,63.455
1487587200,63.35999999999999
1487587800,63.51000000000001
1487588400,64.03666666666666
1487589000,64.41333333333333
1487589600,64.57666666666668
1487590200,64.60000000000001
1487590800,64.53999999999999
1487591400,64.43499999999999
1487592000,64.40499999999999
1487592600,64.69999999999999
1487593200,58.245000000000005
1487593800,53.705000000000005
1487594400,51.975
1487595000,53.919999999999995
1487595600,56.144999999999996
1487596200,57.47333333333334
1487596800,58.32499999999999
1487597400,58.919999999999995
1487598000,59.46999999999999
1487598600,60.385000000000005
1487599200,61.239999999999995
1487599800,61.665
1487600400,62.110000000000014
1487601000,62.32000000000001
1487601600,62.510000000000005
1487602200,62.69666666666667
1487602800,62.83333333333333
1487603400,63.026666666666664
1487604000,63.15633333333335
1487604600,63.03499999999999
1487605200,62.735000000000014
1487605800,62.69000000000001
1487606400,62.65500000000001
1487607000,62.589999999999996
1487607600,62.580000000000005
1487608200,62.585000000000015
1487608800,62.874999999999986
1487609400,63.45
1487610000,64.1
1487610600,64.78
1487611200,65.225
1487611800,65.57
1487612400,65.94500000000001
1487613000,66.00500000000001
1487613600,66.015
1487614200,66.19666666666666
1487614800,66.21166666666667
1487615400,66.10666666666665
1487616000,65.84
1487616600,65.79166666666666
1487617200,65.75000000000001
1487617800,65.42
1487618400,65.22
1487619000,65.27499999999999
1487619600,65.785
1487620200,66.22
1487620800,66.435
1487621400,66.405
1487622000,66.30499999999999
1487622600,66.28
1487623200,66.19
1487623800,66.12500000000001
1487624400,66.075
1487625000,65.78999999999999
1487625600,65.74999999999999
1487626200,65.80999999999999
1487626800,65.73
1487627400,65.62
1487628000,65.74000000000001
1487628600,65.82666666666667
1487629200,65.84166666666667
1487629800,66.12666666666667
1487630400,66.76500000000001
1487631000,67.14500000000001
1487631600,67.13500000000002
1487632200,67.25500000000001
1487632800,67.20500000000001
1487633400,67.12
1487634000,67.035
1487634600,67.13000000000001
1487635200,67.075
1487635800,66.85999999999999
1487636400,68.38000000000001
1487637000,65.70500000000001
1487637600,58.565
1487638200,57.02
1487638800,55.67999999999999
1487639400,54.544999999999995
1487640000,54.3
1487640600,56.87333333333332
1487641200,59.61166666666668
1487641800,60.745000000000005
1487642400,61.48166666666666
1487643000,62.01833333333334
1487643600,62.36
1487644200,62.55500000000001
1487644800,62.8
1487645400,63.05000000000001
1487646000,63.21
1487646600,63.364999999999995
1487647200,63.675
1487647800,63.625
1487648400,63.52
1487649000,63.605000000000004
1487649600,63.69
1487650200,63.86999999999999
1487650800,63.995000000000005
1487651400,64.61
1487652000,64.91499999999999
1487652600,64.94999999999999
1487653200,64.90499999999999
1487653800,64.77666666666667
1487654400,64.78
1487655000,64.68166666666667
1487655600,64.61500000000001
1487656200,64.56899999999999
1487656800,64.535
1487657400,64.49000000000001
1487658000,64.46499999999999
1487658600,64.41999999999999
1487659200,64.33833333333332
1487659800,64.31499999999998
1487660400,64.25500000000001
1487661000,64.19
1487661600,64.72
1487662200,65.22999999999999
1487662800,65.29999999999998
1487663400,65.32499999999999
1487664000,65.33999999999999
1487664600,65.235
1487665200,65.12500000000001
1487665800,65.045
1487666400,64.93999999999998
1487667000,64.835
1487667600,64.70500000000001
1487668200,64.455
1487668800,64.465
1487669400,64.40333333333332
1487670000,64.32499999999999
1487670600,64.205
1487671200,64.12000000000002
1487671800,64.32000000000001
1487672400,64.845
1487673000,65.11000000000001
1487673600,65.15000000000002
1487674200,65.03000000000002
1487674800,65.01
1487675400,64.90499999999999
1487676000,64.815
1487676600,64.74000000000001
1487677200,64.69500000000001
1487677800,64.595
1487678400,60.21999999999999
1487679000,55.81
1487679600,52.775
1487680200,53.010000000000005
1487680800,49.97
1487681400,49.70666666666666
1487682000,50.296666666666674
1487682600,50.51166666666667
1487683200,49.035000000000004
1487683800,50.595
1487684400,50.19
1487685000,49.8
1487685600,54.19
1487686200,55.335
1487686800,55.9
1487687400,56.42
1487688000,56.885000000000005
1487688600,57.34999999999999
1487689200,57.435
1487689800,57.89499999999998
1487690400,58.17
1487691000,58.38500000000001
1487691600,58.68000000000001
1487692200,59.25
1487692800,59.529999999999994
1487693400,60.71999999999999
1487694000,61.739999999999995
1487694600,62.19833333333334
1487695200,62.23833333333333
1487695800,62.07866666666666
1487696400,62.535000000000004
1487697000,62.60000000000001
1487697600,62.665
1487698200,62.785000000000004
1487698800,62.92
1487699400,63.010000000000005
1487700000,62.845000000000006
1487700600,62.775
1487701200,63.06
1487701800,62.795
1487702400,62.605000000000004
1487703000,62.760000000000005
1487703600,63.21500000000001
1487704200,63.714999999999996
1487704800,63.874999999999986
1487705400,63.985
1487706000,63.919999999999995
1487706600,63.914999999999985
1487707200,63.964999999999996
1487707800,64.19833333333334
1487708400,64.26333333333334
1487709000,64.43433333333334
1487709600,64.26
1487710200,64.055
1487710800,63.94500000000001
1487711400,63.95
1487712000,63.96999999999999
1487712600,63.915
1487713200,63.88000000000001
1487713800,64.225
1487714400,64.88
1487715000,65.19999999999999
1487715600,65.28999999999999
1487716200,65.32499999999999
1487716800,65.25499999999998
1487717400,65.28999999999999
1487718000,65.235
1487718600,65.20000000000002
1487719200,65.11000000000001
1487719800,65.10000000000001
1487720400,65.16000000000001
1487721000,65.14666666666668
1487721600,65.155
1487722200,65.26599999999999
1487722800,65.465
1487723400,65.44
1487724000,65.685
1487724600,66.4
1487725200,66.73999999999998
1487725800,66.92999999999999
1487726400,66.91499999999999
1487727000,66.79
1487727600,66.71000000000001
1487728200,66.59
1487728800,66.60999999999999
1487729400,66.55
1487730000,66.44999999999999
1487730600,66.405
1487731200,66.26
1487731800,66.14500000000001
1487732400,66.14000000000001
1487733000,66.02000000000001
1487733600,65.85
1487734200,65.8
1487734800,66.13166666666666
1487735400,66.55666666666666
1487736000,66.925
1487736600,66.965
1487737200,66.935
1487737800,66.835
1487738400,66.695
1487739000,66.64500000000001
1487739600,66.55499999999999
1487740200,66.42499999999998
1487740800,66.27000000000001
1487741400,66.03
1487742000,65.91999999999999
1487742600,65.93999999999998
1487743200,65.90499999999999
1487743800,65.805
1487744400,65.785
1487745000,65.975
1487745600,66.51500000000001
1487746200,66.80999999999999
1487746800,66.84499999999998
1487747400,66.78
1487748000,66.715
1487748600,66.87166666666666
1487749200,66.78
1487749800,66.48499999999999
1487750400,66.225
1487751000,66.005
1487751600,66.04
1487752200,66.10000000000001
1487752800,65.97
1487753400,65.85499999999999
1487754000,65.69
1487754600,65.60000000000001
1487755200,65.61500000000001
1487755800,66.03
1487756400,66.63999999999999
1487757000,66.91999999999999
1487757600,67.0
1487758200,67.0
1487758800,66.99
1487759400,66.86499999999998
1487760000,66.80999999999999
1487760600,66.70000000000002
1487761200,66.69000000000001
1487761800,66.60000000000001
1487762400,66.60000000000001
1487763000,66.51
1487763600,63.96
1487764200,58.02500000000001
1487764800,56.36999999999999
1487765400,54.725
1487766000,54.629999999999995
1487766600,54.364999999999995
1487767200,54.55
1487767800,54.325
1487768400,53.80500000000001
1487769000,52.779999999999994
1487769600,52.31
1487770200,52.21500000000001
1487770800,55.455
1487771400,57.205
1487772000,57.515
1487772600,58.06500000000001
1487773200,58.414999999999985
1487773800,58.73
1487774400,58.980000000000004
1487775000,59.00433333333333
1487775600,58.89333333333334
1487776200,59.015
1487776800,59.529999999999994
1487777400,59.955
1487778000,60.205
1487778600,60.27000000000002
1487779200,60.28000000000001
1487779800,60.18000000000001
1487780400,60.10000000000001
1487781000,60.09666666666667
1487781600,59.65666666666667
1487782200,59.49333333333334
1487782800,59.265
1487783400,59.46500000000001
1487784000,59.470000000000006
1487784600,59.50333333333333
1487785200,59.96166666666668
1487785800,59.638333333333335
1487786400,59.506666666666675
1487787000,59.78000000000001
1487787600,60.149333333333324
1487788200,60.44999999999999
1487788800,60.080000000000005
1487789400,59.129999999999995
1487790000,58.78166666666666
1487790600,58.82166666666667
1487791200,59.04666666666667
1487791800,59.23833333333333
1487792400,59.13500000000001
1487793000,59.18666666666665
1487793600,57.791666666666664
1487794200,57.25333333333333
1487794800,57.71833333333334
1487795400,57.20333333333333
1487796000,57.03666666666667
1487796600,57.38666666666667
1487797200,57.666666666666664
1487797800,58.04666666666667
1487798400,58.56999999999999
1487799000,58.83333333333333
1487799600,58.66166666666667
1487800200,58.13166666666666
1487800800,57.72333333333332
1487801400,57.434333333333335
1487802000,57.44
1487802600,57.53000000000001
1487803200,57.78333333333334
1487803800,57.720000000000006
1487804400,57.87166666666667
1487805000,57.66166666666667
1487805600,57.654999999999994
1487806200,57.706666666666685
1487806800,57.57166666666666
1487807400,57.38000000000001
1487808000,57.46666666666666
1487808600,57.48
1487809200,57.69833333333332
1487809800,58.04666666666666
1487810400,57.96666666666666
1487811000,57.80999999999999
1487811600,57.66666666666667
1487812200,57.364999999999995
1487812800,56.935
1487813400,56.94
1487814000,56.77500000000001
1487814600,56.496666666666655
1487815200,56.2
1487815800,56.19166666666666
1487816400,56.086666666666666
1487817000,55.911666666666655
1487817600,55.83333333333333
1487818200,55.65333333333333
1487818800,55.891666666666666
1487819400,56.223333333333336
1487820000,56.30666666666667
1487820600,56.24333333333334
1487821200,56.233333333333334
1487821800,56.06833333333334
1487822400,55.786666666666676
1487823000,55.68833333333333
1487823600,55.38166666666666
1487824200,55.24666666666667
1487824800,54.915000000000006
1487825400,54.65166666666668
1487826000,54.42
1487826600,54.16833333333333
1487827200,54.10666666666667
1487827800,53.95233333333333
1487828400,53.685
1487829000,53.55500000000001
1487829600,53.85333333333334
1487830200,54.11
1487830800,54.166666666666664
1487831400,54.09000000000001
1487832000,53.863333333333344
1487832600,53.629999999999995
1487833200,53.43666666666667
1487833800,53.31333333333333
1487834400,53.105
1487835000,52.95
1487835600,52.69333333333334
1487836200,52.49833333333332
1487836800,52.52333333333333
1487837400,52.24333333333334
1487838000,52.21833333333334
1487838600,52.095000000000006
1487839200,52.108333333333334
1487839800,52.35833333333333
1487840400,52.720000000000006
1487841000,52.86233333333333
1487841600,52.919999999999995
1487842200,53.04
1487842800,53.01833333333334
1487843400,52.94833333333334
1487844000,52.81
1487844600,52.69166666666668
1487845200,52.57166666666667
1487845800,52.375
1487846400,52.333333333333336
1487847000,52.25333333333333
1487847600,52.2
1487848200,52.129999999999995
1487848800,52.080000000000005
1487849400,52.05500000000001
1487850000,52.30166666666666
1487850600,52.67833333333333
1487851200,52.95666666666667
1487851800,52.745000000000005
1487852400,50.66166666666666
1487853000,49.07166666666667
1487853600,48.684999999999995
1487854200,48.56333333333333
1487854800,48.568
1487855400,48.35
1487856000,50.904999999999994
1487856600,50.93666666666667
1487857200,50.95333333333334
1487857800,51.00333333333333
1487858400,51.13666666666667
1487859000,51.214999999999996
1487859600,51.13166666666667
1487860200,51.19833333333333
1487860800,51.63000000000001
1487861400,52.239999999999995
1487862000,52.45
1487862600,52.7
1487863200,52.919999999999995
1487863800,52.96500000000001
1487864400,52.86499999999999
1487865000,52.72666666666667
1487865600,52.69166666666668
1487866200,52.61666666666666
1487866800,52.44000000000001
1487867400,52.69500000000001
1487868000,52.84499999999999
1487868600,52.7
1487869200,52.919999999999995
1487869800,53.075
1487870400,53.02333333333333
1487871000,53.19
1487871600,53.75
1487872200,54.279999999999994
1487872800,54.773333333333326
1487873400,54.995000000000005
1487874000,55.225
1487874600,55.35999999999999
1487875200,55.288333333333334
1487875800,55.31166666666667
1487876400,55.30333333333333
1487877000,55.276666666666664
1487877600,55.29333333333334
1487878200,55.230000000000004
1487878800,55.25
1487879400,55.243333333333325
1487880000,55.07833333333334
1487880600,54.919999999999995
1487881200,54.97166666666667
1487881800,55.29
1487882400,55.745000000000005
1487883000,55.84499999999999
1487883600,55.78666666666667
1487884200,55.90833333333334
1487884800,55.75
1487885400,55.69666666666667
1487886000,55.651666666666664
1487886600,55.58
1487887200,55.651666666666664
1487887800,55.55500000000001
1487888400,55.49833333333332
1487889000,55.388333333333335
1487889600,55.31666666666668
1487890200,55.27
1487890800,55.226666666666674
1487891400,55.20166666666667
1487892000,55.42166666666667
1487892600,55.776666666666664
1487893200,55.97833333333333
1487893800,56.01666666666667
1487894400,56.12033333333333
1487895000,55.99499999999999
1487895600,55.915000000000006
1487896200,56.11500000000001
1487896800,55.836666666666666
1487897400,55.39833333333333
1487898000,55.33833333333333
1487898600,55.279999999999994
1487899200,55.27833333333333
1487899800,55.111666666666665
1487900400,54.92166666666666
1487901000,54.758333333333326
1487901600,54.64333333333334
1487902200,54.57166666666667
1487902800,54.89833333333333
1487903400,55.30333333333333
1487904000,55.35333333333333
1487904600,55.339999999999996
1487905200,55.214999999999996
1487905800,55.05833333333334
1487906400,54.908333333333324
1487907000,54.835
1487907600,54.71833333333334
1487908200,54.6
1487908800,54.464999999999996
1487909400,54.19499999999999
1487910000,54.11999999999999
1487910600,54.01166666666667
1487911200,53.959999999999994
1487911800,53.835
1487912400,53.788333333333334
1487913000,53.94
1487913600,54.43000000000001
1487914200,54.660000000000004
1487914800,54.7
1487915400,54.65
1487916000,54.55499999999999
1487916600,54.470000000000006
1487917200,54.335
1487917800,54.26833333333334
1487918400,54.25833333333334
1487919000,54.125
1487919600,54.089999999999996
1487920200,54.015
1487920800,53.939
1487921400,53.77
1487922000,53.74666666666667
1487922600,53.67666666666666
1487923200,53.62166666666667
1487923800,54.0
1487924400,54.10666666666666
1487925000,54.51166666666667
1487925600,54.645
1487926200,54.65999999999999
1487926800,54.48499999999999
1487927400,54.53833333333334
1487928000,54.504999999999995
1487928600,54.40833333333334
1487929200,54.326666666666675
1487929800,54.256666666666675
1487930400,54.233333333333334
1487931000,54.019999999999996
1487931600,54.06833333333333
1487932200,54.06333333333333
1487932800,53.910000000000004
1487933400,53.975
1487934000,54.17666666666666
1487934600,54.58733333333333
1487935200,54.94499999999999
1487935800,55.06333333333333
1487936400,55.001666666666665
1487937000,55.108333333333334
1487937600,53.279999999999994
1487938200,52.05499999999999
1487938800,51.295
1487939400,50.88
1487940000,50.235
1487940600,49.24166666666666
1487941200,52.31166666666668
1487941800,53.01666666666667
1487942400,53.1
1487943000,53.098333333333336
1487943600,53.335
1487944200,53.47666666666667
1487944800,54.019999999999996
1487945400,54.545
1487946000,54.825
1487946600,55.165
1487947200,55.425
1487947800,55.56933333333334
1487948400,55.68333333333334
1487949000,55.69166666666666
1487949600,55.55166666666668
1487950200,55.71166666666668
1487950800,55.591666666666676
1487951400,55.544999999999995
1487952000,55.506666666666675
1487952600,55.613333333333344
1487953200,55.623333333333335
1487953800,55.66833333333334
1487954400,55.745000000000005
1487955000,56.11833333333334
1487955600,56.49666666666667
1487956200,56.55166666666666
1487956800,56.58333333333333
1487957400,56.748333333333335
1487958000,56.881666666666675
1487958600,56.82833333333333
1487959200,56.54333333333334
1487959800,56.536
1487960400,56.466666666666676
1487961000,56.565
1487961600,56.61
1487962200,56.711666666666666
1487962800,56.419999999999995
1487963400,56.40666666666667
1487964000,56.383333333333326
1487964600,56.35333333333333
1487965200,56.32666666666667
1487965800,56.83166666666666
1487966400,57.341666666666676
1487967000,57.54
1487967600,57.55666666666666
1487968200,57.71
1487968800,57.611666666666665
1487969400,57.616666666666674
1487970000,57.52833333333333
1487970600,57.57166666666667
1487971200,57.641666666666666
1487971800,57.661666666666676
1487972400,57.60666666666667
1487973000,57.52600000000001
1487973600,57.578333333333354
1487974200,57.57166666666666
1487974800,57.50833333333334
1487975400,57.43666666666667
1487976000,57.71833333333334
1487976600,58.29333333333334
1487977200,58.685
1487977800,58.791666666666664
1487978400,58.80333333333333
1487979000,58.74166666666665
1487979600,58.72166666666667
1487980200,58.641666666666666
1487980800,58.56166666666667
1487981400,58.49833333333332
1487982000,58.455
1487982600,58.42833333333334
1487983200,58.50333333333333
1487983800,58.52166666666667
1487984400,58.52833333333333
1487985000,58.495000000000005
1487985600,58.489999999999995
1487986200,58.54366666666666
1487986800,58.63166666666666
1487987400,59.32166666666666
1487988000,59.589999999999996
1487988600,59.85666666666666
1487989200,59.96666666666666
1487989800,60.03000000000001
1487990400,60.03166666666666
1487991000,59.961666666666666
1487991600,59.92
1487992200,59.848333333333336
1487992800,59.75833333333334
1487993400,59.69833333333334
1487994000,59.47999999999998
1487994600,59.64000000000001
1487995200,59.629999999999995
1487995800,59.628333333333345
1487996400,59.15333333333333
1487997000,59.00333333333333
1487997600,59.33
1487998200,60.25500000000001
1487998800,60.26966666666668
1487999400,60.275
1488000000,60.38666666666667
1488000600,60.20666666666667
1488001200,60.15999999999999
1488001800,60.06333333333333
1488002400,59.95666666666666
1488003000,59.89333333333333
1488003600,59.90500000000001
1488004200,59.908333333333324
1488004800,59.82666666666667
1488005400,59.836666666666666
1488006000,59.81166666666665
1488006600,59.739999999999995
1488007200,59.835
1488007800,60.330000000000005
1488008400,60.839999999999996
1488009000,61.010000000000005
1488009600,61.18000000000001
1488010200,61.33
1488010800,61.06999999999999
1488011400,61.239999999999995
1488012000,61.206333333333326
1488012600,61.34333333333334
1488013200,61.94333333333333
1488013800,61.81500000000001
1488014400,61.80666666666667
1488015000,61.48499999999999
1488015600,61.22166666666667
1488016200,61.40833333333334
1488016800,61.46
1488017400,61.54333333333333
1488018000,61.89666666666667
1488018600,62.34333333333333
1488019200,62.54333333333334
1488019800,62.620000000000005
1488020400,62.435
1488021000,62.295
1488021600,62.23666666666668
1488022200,62.080000000000005
1488022800,61.795
1488023400,59.501666666666665
1488024000,56.00166666666668
1488024600,55.095000000000006
1488025200,55.43299999999999
1488025800,58.94499999999999
1488026400,60.29
1488027000,61.065
1488027600,61.294999999999995
1488028200,61.49499999999999
1488028800,62.06999999999999
1488029400,62.53333333333334
1488030000,62.56666666666668
1488030600,62.54666666666667
1488031200,63.51000000000001
1488031800,63.06500000000001
1488032400,62.61333333333333
1488033000,62.67666666666666
1488033600,62.66166666666667
1488034200,62.54333333333334
1488034800,62.315
1488035400,62.315
1488036000,62.05833333333334
1488036600,62.01666666666667
1488037200,62.001666666666665
1488037800,61.853666666666676
1488038400,61.77166666666667
1488039000,62.19500000000001
1488039600,62.738333333333344
1488040200,63.05166666666666
1488040800,63.131666666666675
1488041400,63.12166666666667
1488042000,63.341666666666676
1488042600,63.538333333333334
1488043200,63.52833333333334
1488043800,63.57833333333333
1488044400,63.54166666666667
1488045000,63.401666666666664
1488045600,63.413333333333334
1488046200,63.288333333333334
1488046800,63.33166666666667
1488047400,63.116666666666674
1488048000,62.904999999999994
1488048600,62.864999999999995
1488049200,62.88000000000001
1488049800,63.355
1488050400,63.779999999999994
1488051000,63.91833333333334
1488051600,64.37633333333332
1488052200,65.19666666666667
1488052800,65.47
1488053400,65.22
1488054000,64.89999999999999
1488054600,64.69500000000001
1488055200,64.685
1488055800,64.545
1488056400,64.455
1488057000,64.535
1488057600,64.485
1488058200,64.475
1488058800,64.41999999999999
1488059400,64.465
1488060000,64.67
1488060600,65.15166666666667
1488061200,65.44833333333332
1488061800,65.43333333333332
1488062400,65.44
1488063000,65.385
1488063600,65.33
1488064200,65.28666666666668
1488064800,65.29233333333333
1488065400,65.30000000000001
1488066000,65.26499999999999
1488066600,65.29499999999999
1488067200,65.30999999999999
1488067800,65.25500000000001
1488068400,65.23500000000001
1488069000,65.155
1488069600,65.00999999999999
1488070200,65.06
1488070800,65.455
1488071400,65.765
1488072000,65.82
1488072600,65.94000000000001
1488073200,65.89333333333335
1488073800,65.87833333333333
1488074400,65.75999999999999
1488075000,65.765
1488075600,65.76666666666667
1488076200,65.84833333333333
1488076800,65.70166666666667
1488077400,65.69500000000001
1488078000,65.79400000000001
1488078600,65.82
1488079200,65.60000000000001
1488079800,65.46999999999998
1488080400,65.17500000000001
1488081000,65.325
1488081600,65.61000000000001
1488082200,65.775
1488082800,65.70500000000001
1488083400,65.55499999999999
1488084000,65.39
1488084600,65.02000000000001
1488085200,64.7
1488085800,64.555
1488086400,64.6
1488087000,64.31833333333333
1488087600,63.908333333333324
1488088200,63.92499999999999
1488088800,63.88666666666667
1488089400,63.54666666666667
1488090000,63.595000000000006
1488090600,63.36499999999999
1488091200,64.18066666666667
1488091800,64.28999999999999
1488092400,63.991666666666674
1488093000,63.95
1488093600,63.58
1488094200,63.23
1488094800,63.21
1488095400,63.03000000000001
1488096000,62.815
1488096600,62.30166666666666
1488097200,63.754999999999995
1488097800,64.5
1488098400,64.5
1488099000,64.5
1488099600,64.5
1488100200,64.5
1488100800,64.5
1488101400,64.5
1488102000,64.5
1488102600,64.5
1488103200,64.5
1488103800,64.5
1488104400,64.5
1488105000,64.5
1488105600,64.5
1488106200,64.5
1488106800,64.5
1488107400,64.5
1488108000,64.5
1488108600,64.5
1488109200,64.5
1488109800,64.5
1488110400,64.5
1488111000,64.5
1488111600,64.5
1488112200,64.5
1488112800,64.5
1488113400,66.83566666666667
1488114000,67.2
1488114600,65.49499999999999
1488115200,64.59666666666666
1488115800,63.86500000000001
1488116400,63.83
1488117000,63.714999999999996
1488117600,63.7
1488118200,62.92166666666667
1488118800,62.68666666666667
1488119400,62.68499999999999
1488120000,62.458333333333336
1488120600,62.611666666666665
1488121200,62.733333333333334
1488121800,62.605000000000004
1488122400,62.46
1488123000,62.49666666666667
1488123600,62.461666666666666
1488124200,62.578333333333354
1488124800,62.64
1488125400,62.751666666666665
1488126000,63.6
1488126600,62.916666666666664
1488127200,62.67333333333333
1488127800,64.35499999999999
1488128400,64.41166666666666
1488129000,64.49666666666667
1488129600,64.415
1488130200,64.19
1488130800,63.839999999999996
1488131400,63.86999999999999
1488132000,63.95333333333333
1488132600,64.06833333333334
1488133200,64.04833333333333
1488133800,64.02333333333333
1488134400,64.14833333333334
1488135000,64.15666666666667
1488135600,64.11666666666666
1488136200,64.095
1488136800,64.235
1488137400,64.09166666666667
1488138000,64.02166666666668
1488138600,63.94500000000001
1488139200,64.0
1488139800,64.03
1488140400,64.095
1488141000,64.37999999999998
1488141600,64.29166666666666
1488142200,64.24833333333332
1488142800,64.27833333333334
1488143400,64.44000000000001
1488144000,64.27
1488144600,64.09333333333333
1488145200,64.18
1488145800,64.02666666666667
1488146400,64.14500000000001
1488147000,63.910000000000004
1488147600,64.12666666666667
1488148200,63.84166666666666
1488148800,63.761666666666656
1488149400,64.06
1488150000,63.87833333333333
1488150600,63.661666666666655
1488151200,63.848333333333336
1488151800,63.84499999999999
1488152400,64.09033333333333
1488153000,64.15
1488153600,63.99333333333334
1488154200,64.14333333333335
1488154800,63.81833333333334
1488155400,64.35666666666667
1488156000,64.07166666666667
1488156600,63.95666666666667
1488157200,63.883333333333326
1488157800,63.635000000000005
1488158400,63.32833333333333
1488159000,63.07166666666667
1488159600,62.97166666666667
1488160200,62.79333333333333
1488160800,62.52833333333333
1488161400,62.16666666666667
1488162000,61.94500000000001
1488162600,61.70333333333333
1488163200,61.41833333333334
1488163800,61.225
1488164400,61.116666666666674
1488165000,60.92666666666666
1488165600,61.158
1488166200,61.28666666666667
1488166800,61.38333333333334
1488167400,61.42999999999999
1488168000,61.225
1488168600,61.19333333333333
1488169200,61.13666666666668
1488169800,61.09666666666667
1488170400,60.92166666666667
1488171000,60.85666666666667
1488171600,60.70166666666667
1488172200,60.68166666666667
1488172800,60.58666666666668
1488173400,60.56833333333334
1488174000,60.49666666666667
1488174600,60.38666666666667
1488175200,60.41833333333334
1488175800,60.48166666666666
1488176400,60.44499999999999
1488177000,60.31166666666667
1488177600,60.18666666666667
1488178200,60.20833333333333
1488178800,60.26666666666667
1488179400,60.2
1488180000,60.15333333333334
1488180600,60.083333333333336
1488181200,60.004999999999995
1488181800,59.995000000000005
1488182400,60.004999999999995
1488183000,59.93333333333332
1488183600,59.89999999999999
1488184200,59.87166666666667
1488184800,59.870000000000005
1488185400,59.82499999999999
1488186000,59.85666666666666
1488186600,59.90333333333333
1488187200,59.919999999999995
1488187800,59.894999999999996
1488188400,59.86666666666666
1488189000,59.82833333333334
1488189600,59.86999999999999
1488190200,59.879999999999995
1488190800,59.85666666666667
1488191400,59.901666666666664
1488192000,59.94666666666667
1488192600,59.988
1488193200,59.94333333333333
1488193800,59.89999999999999
1488194400,59.81500000000001
1488195000,59.904999999999994
1488195600,58.09333333333333
1488196200,56.513333333333335
1488196800,54.70666666666666
1488197400,56.675
1488198000,57.23666666666666
1488198600,57.65999999999999
1488199200,57.885000000000005
1488199800,58.18166666666666
1488200400,58.57833333333333
1488201000,58.961666666666666
1488201600,59.2
1488202200,59.879999999999995
1488202800,62.33166666666666
1488203400,60.27166666666667
1488204000,60.43166666666667
1488204600,59.86333333333333
1488205200,60.19000000000001
1488205800,60.20333333333333
1488206400,60.31999999999999
1488207000,60.39
1488207600,60.508333333333326
1488208200,60.52833333333333
1488208800,60.264999999999986
1488209400,60.29833333333333
1488210000,60.394999999999996
1488210600,60.29666666666666
1488211200,60.5
1488211800,60.63333333333335
1488212400,60.485
1488213000,60.573333333333345
1488213600,60.64
1488214200,61.388333333333335
1488214800,61.565
1488215400,61.236666666666665
1488216000,61.17333333333333
1488216600,61.294999999999995
1488217200,61.246666666666655
1488217800,61.214999999999996
1488218400,61.65
1488219000,62.401666666666664
1488219600,62.16166666666667
1488220200,62.585
1488220800,62.975
1488221400,63.08166666666667
1488222000,63.10333333333334
1488222600,63.135000000000005
1488223200,63.14166666666667
1488223800,63.214999999999996
1488224400,63.27
1488225000,63.015
1488225600,63.07333333333334
1488226200,63.13666666666667
1488226800,63.473333333333336
1488227400,63.47166666666666
1488228000,63.59666666666666
1488228600,63.665
1488229200,63.598333333333336
1488229800,63.626666666666665
1488230400,63.45166666666667
1488231000,63.53166666666666
1488231600,64.16366666666667
1488232200,63.94166666666668
1488232800,63.475
1488233400,63.47666666666667
1488234000,63.96666666666666
1488234600,63.94166666666668
1488235200,63.72166666666667
1488235800,64.26666666666668
1488236400,64.34833333333334
1488237000,63.989999999999995
1488237600,63.86
1488238200,64.17
1488238800,64.24833333333333
1488239400,64.20833333333334
1488240000,64.36166666666668
1488240600,64.25833333333334
1488241200,63.525
1488241800,63.29666666666667
1488242400,63.223333333333336
1488243000,63.23166666666666
1488243600,62.989999999999995
1488244200,62.67666666666666
1488244800,62.60933333333334
1488245400,62.475
1488246000,62.36
1488246600,62.39333333333333
1488247200,62.411666666666655
1488247800,62.2
1488248400,62.27166666666667
1488249000,62.27
1488249600,62.15
1488250200,62.105000000000004
1488250800,62.07833333333333
1488251400,62.065
1488252000,62.035000000000004
1488252600,61.973333333333336
1488253200,61.90499999999999
1488253800,61.89999999999999
1488254400,61.86333333333333
1488255000,61.75833333333334
1488255600,61.720000000000006
1488256200,61.68499999999999
1488256800,61.69833333333334
1488257400,61.66333333333334
1488258000,61.48
1488258600,61.411666666666655
1488259200,61.41833333333333
1488259800,61.39999999999999
1488260400,61.404999999999994
1488261000,60.90666666666666
1488261600,60.685
1488262200,60.961666666666666
1488262800,60.95833333333333
1488263400,60.89999999999999
1488264000,60.83333333333333
1488264600,60.78833333333334
1488265200,60.71
1488265800,60.75166666666665
1488266400,60.8
1488267000,60.8
1488267600,60.82666666666667
1488268200,60.878333333333316
1488268800,60.794999999999995
1488269400,60.76166666666667
1488270000,60.763333333333335
1488270600,60.75733333333333
1488271200,60.8
1488271800,60.8
1488272400,60.779999999999994
1488273000,60.79833333333333
1488273600,60.77166666666667
1488274200,60.775
1488274800,60.8
1488275400,60.78000000000001
1488276000,60.70333333333333
1488276600,60.62833333333333
1488277200,60.59000000000001
1488277800,60.50333333333333
1488278400,60.5
1488279000,60.45333333333333
1488279600,60.44499999999999
1488280200,60.48499999999999
1488280800,60.461666666666666
1488281400,60.44833333333334
1488282000,58.355
1488282600,58.0
1488283200,58.0
1488283800,59.533333333333324
1488284400,55.70666666666667
1488285000,53.31333333333333
1488285600,53.141666666666666
1488286200,54.515
1488286800,55.36
1488287400,55.913333333333334
1488288000,55.80833333333332
1488288600,55.57666666666667
1488289200,57.77833333333334
1488289800,58.408333333333346
1488290400,58.735
1488291000,58.95
1488291600,58.955000000000005
1488292200,58.95333333333333
1488292800,58.99333333333334
1488293400,58.883333333333326
1488294000,58.53166666666667
1488294600,58.79666666666667
1488295200,58.92666666666666
1488295800,59.57333333333334
1488296400,59.74833333333332
1488297000,59.46
1488297600,58.705
1488298200,58.90666666666667
1488298800,59.13000000000001
1488299400,59.51500000000001
1488300000,60.765
1488300600,60.62666666666668
1488301200,59.996666666666655
1488301800,60.006666666666675
1488302400,60.085
1488303000,60.97499999999999
1488303600,62.0
1488304200,62.141666666666666
1488304800,62.108333333333334
1488305400,61.848333333333336
1488306000,61.96666666666666
1488306600,62.341666666666676
1488307200,62.69166666666668
1488307800,62.891666666666666
1488308400,63.00833333333334
1488309000,62.97500000000001
1488309600,62.94333333333333
1488310200,62.504666666666665
1488310800,62.39666666666667
1488311400,62.243333333333325
1488312000,62.03166666666666
1488312600,61.94833333333334
1488313200,62.154999999999994
1488313800,62.230000000000004
1488314400,62.19833333333334
1488315000,62.608333333333334
1488315600,62.53833333333334
1488316200,62.43666666666667
1488316800,62.11999999999999
1488317400,62.05666666666666
1488318000,61.84000000000001
1488318600,61.598333333333336
1488319200,61.92166666666667
1488319800,61.98333333333335
1488320400,62.083333333333336
1488321000,62.291666666666664
1488321600,62.245000000000005
1488322200,62.12166666666667
1488322800,61.705
1488323400,61.848
1488324000,62.008333333333326
1488324600,61.64999999999999
1488325200,61.30499999999999
1488325800,61.00833333333334
1488326400,61.404999999999994
