Timestamp,Humidity
1554048401.175,69.93
1554048981.316,70.33
1554049561.848,70.76
1554050142.255,70.98
1554050722.06,70.98
1554051302.072,63.29
1554051881.264,62.05
1554052460.758,62.73
1554053040.776,60.24
1554053621.119,63.6
1554054201.303,65.35
1554054781.432,66.47
1554055361.591,67.73
1554055941.233,68.71
1554056521.503,69.28
1554057101.672,69.72
1554057682.067,70.1
1554058261.889,62.89
1554058841.24,61.91
1554059420.72,61.54
1554060000.433,57.08
1554060580.482,53.32
1554061160.282,53.87
1554061740.283,54.58
1554062319.997,56.98
1554062899.897,53.75
1554063479.664,49.92
1554064059.65,50.04
1554064639.468,52.11
1554065219.464,54.4
1554065799.21,55.67
1554066379.231,50.13
1554066959.542,50.19
1554067540.001,53.03
1554068119.608,57.7
1554068699.202,53.91
1554069278.979,53.24
1554069858.754,51.39
1554070438.827,52.99
1554071018.613,58.19
1554071598.257,57.77
1554072177.774,55.44
1554072757.868,52.41
1554073338.655,53.63
1554073917.147,58.03
1554074496.711,57.88
1554075076.585,55.91
1554075656.564,57.38
1554076236.652,59.09
1554076816.858,60.67
1554077396.67,61.68
1554077976.885,62.44
1554078557.002,63.2
1554079136.61,63.73
1554079716.395,64.38
1554080296.359,64.82
1554080876.421,65.49
1554081456.148,66.55
1554082036.218,67.14
1554082616.327,67.7
1554083196.017,67.92
1554083776.35,68.05
1554084356.185,68.36
1554084936.093,68.49
1554085515.871,68.59
1554086095.583,68.67
1554086675.666,68.83
1554087255.717,69.05
1554087835.409,69.11
1554088415.483,69.31
1554088995.714,69.34
1554089575.848,69.63
1554090155.788,69.83
1554090735.838,69.83
1554091315.291,70.25
1554091895.238,70.46
1554092474.9,70.65
1554093054.61,70.67
1554093634.985,70.67
1554094214.98,71.03
1554094795.075,71.06
1554095375.193,71.2
1554095954.775,71.16
1554096534.572,71.27
1554097114.682,71.55
1554097694.58,71.62
1554098274.362,71.76
1554098854.28,71.65
1554099434.341,71.74
1554100014.213,72.13
1554100593.839,72.2
1554101173.975,72.06
1554101753.8,72.15
1554102333.865,72.37
1554102913.528,72.41
1554103493.097,72.51
1554104072.871,72.56
1554104652.64,72.86
1554105231.982,72.51
1554105812.208,72.63
1554106392.03,72.87
1554106972.025,73.15
1554107552.05,73.14
1554108131.891,73.19
1554108712.033,73.28
1554109291.921,73.32
1554109871.952,73.28
1554110451.87,73.41
1554111032.031,73.2
1554111611.705,68.83
1554112191.378,63.99
1554112771.308,62.42
1554113351.318,64.52
1554113930.974,66.21
1554114510.873,63.53
1554115090.586,60.22
1554115670.573,58.33
1554116250.545,61.86
1554116830.179,63.83
1554117410.239,61.67
1554117990.117,58.55
1554118569.725,56.74
1554119149.389,59.04
1554119729.067,63.3
1554120309.081,61.64
1554120889.155,58.72
1554121469.115,56.84
1554122049.202,60.18
1554122628.97,61.95
1554123208.441,60.35
1554123788.3,57.47
1554124368.046,56.39
1554124948.036,57.89
1554125527.791,61.1
1554126107.373,59.51
1554126686.939,57.43
1554127266.927,54.95
1554127846.716,56.89
1554128426.516,59.29
1554129006.733,61.08
1554129586.388,62.78
1554130166.096,63.65
1554130746.036,64.17
1554131325.886,65.03
1554131905.482,65.65
1554132485.057,66.28
1554133064.844,67.47
1554133644.541,68.13
1554134224.468,68.79
1554134804.455,69.39
1554135384.604,69.23
1554135964.457,69.49
1554136544.076,69.7
1554137123.818,69.94
1554137703.71,69.99
1554138283.538,70.63
1554138863.163,70.88
1554139442.993,71.06
1554140022.681,71.23
1554140602.187,71.54
1554141182.075,71.58
1554141762.255,71.88
1554142341.738,72.18
1554142921.716,72.22
1554143501.394,72.21
1554144081.674,72.37
1554144661.415,72.58
1554145241.55,72.73
1554145821.757,72.85
1554146401.983,73.1
1554146982.023,73.36
1554147561.434,73.56
1554148141.63,73.6
1554148721.435,73.6
1554149301.135,73.75
1554149880.575,73.9
1554150460.617,74.04
1554151040.796,74.18
1554151620.547,74.24
1554152200.597,74.55
1554152780.604,74.46
1554153360.695,74.73
1554153940.637,74.8
1554154520.826,74.92
1554155100.562,75.05
1554155681.446,75.01
1554156259.226,75.17
1554156839.283,75.22
1554157419.402,75.34
1554157998.974,75.43
1554158580.866,75.47
1554159156.322,75.71
1554159736.283,75.81
1554160316.217,75.69
1554160895.707,75.86
1554161475.465,75.97
1554162055.335,75.94
1554162635.583,76.08
1554163215.366,76.19
1554163795.321,76.26
1554164375.281,76.5
1554164954.784,76.3
1554165534.724,76.52
1554166114.804,76.63
1554166694.739,76.67
1554167274.886,76.46
1554167854.919,76.48
1554168435.163,76.6
1554169015.16,76.75
1554169595.254,76.73
1554170175.099,76.92
1554170754.86,77.05
1554171334.724,76.9
1554171914.753,76.87
1554172494.635,77.1
1554173074.799,77.03
1554173654.464,77.14
1554174233.801,77.22
1554174813.674,77.19
1554175393.32,77.35
1554175973.326,77.31
1554176553.415,77.59
1554177133.387,77.38
1554177712.181,77.3
1554178292.115,76.99
1554178872.311,76.96
1554179452.504,77.04
1554180032.435,76.73
1554180612.395,77.01
1554181192.312,76.77
1554181772.355,76.72
1554182352.207,76.61
1554182932.4,76.62
1554183512.64,76.83
1554184092.783,76.67
1554184672.887,76.47
1554185252.306,76.41
1554185832.588,76.5
1554186412.578,76.52
1554186992.743,76.47
1554187572.664,76.54
1554188152.902,76.61
1554188732.809,76.53
1554189313.012,76.57
1554189893.17,76.64
1554190473.433,76.6
1554191053.307,76.68
1554191633.233,76.82
1554192213.23,76.81
1554192793.064,76.76
1554193372.801,76.81
1554193953.066,76.83
1554194532.954,76.99
1554195113.045,76.91
1554195692.951,76.94
1554196272.93,76.87
1554196853.041,76.93
1554197433.587,76.97
1554198013.647,77.09
1554198593.441,77.06
1554199173.412,74.32
1554199752.848,71.47
1554200332.317,69.86
1554200911.975,62.86
1554201492.512,61.89
1554202071.445,62.97
1554202651.177,65.89
1554203230.922,65.62
1554203810.834,63.09
1554204390.523,60.29
1554204970.556,60.36
1554205550.831,64.16
1554206130.694,63.62
1554206710.522,61.51
1554207290.191,58.65
1554207870.283,58.11
1554208450.012,61.75
1554209029.664,62.85
1554209609.034,60.65
1554210188.749,57.99
1554210768.415,56.83
1554211348.165,60.39
1554211927.825,62
1554212507.656,59.71
1554213087.677,57.42
1554213667.294,59.68
1554214247.179,61.9
1554214827.362,61.74
1554215407.15,60.15
1554215987.464,57.88
1554216567.479,56.53
1554217148.259,58.82
1554217726.616,61.61
1554218306.308,59.85
1554218886.247,57.29
1554219466.347,56.96
1554220046.804,60.6
1554220626.959,62.52
1554221207.081,63.8
1554221787.043,64.84
1554222367.233,65.06
1554222946.714,66.1
1554223526.77,66.4
1554224107.07,67.24
1554228776.716,62.46
1554229323.92,65.08
1554229901.734,67.64
1554230481.352,69.02
1554231060.897,69.71
1554231640.932,70.36
1554232221.067,70.67
1554232800.844,71.02
1554233380.961,71.64
1554233960.69,72
1554234540.633,72.47
1554235120.619,72.6
1554235700.177,72.93
1554236280.448,72.88
1554236860.168,72.82
1554237440.007,72.92
1554238020.158,73.08
1554238599.96,73.18
1554239180.179,73.21
1554239759.936,73.46
1554240339.952,73.57
1554240919.75,73.74
1554241499.851,73.8
1554242079.786,74.61
1554242659.773,75.45
1554243239.693,75.11
1554243819.567,75.49
1554244399.776,75.4
1554244979.771,75.46
1554245559.644,75.88
1554246139.59,75.73
1554246719.506,75.96
1554247299.327,75.51
1554247879.449,75.56
1554248459.11,75.62
1554249039.349,76.11
1554249619.269,76.13
1554250199.523,76.48
1554250779.507,76.08
1554251358.57,76.03
1554251938.957,75.98
1554252519.214,75.43
1554253098.825,76.57
1554253678.997,76.94
1554254258.893,77.08
1554254838.734,77.23
1554255418.513,77.75
1554255998.522,78.74
1554256578.751,78.78
1554257158.684,78.57
1554257738.757,78.13
1554258318.431,78.26
1554258898.248,78.09
1554259478.071,77.7
1554260058.121,77.73
1554260638.384,77.84
1554261218.445,77.39
1554261798.261,77.41
1554262378.333,77.56
1554262958.609,77.87
1554263539.197,78.05
1554264120.14,77.78
1554264697.668,77.76
1554265277.591,77.52
1554265857.838,77.49
1554266437.924,77.59
1554267018.236,77.25
1554267598.374,77.21
1554268178.428,77.23
1554268758.774,76.79
1554269338.759,76.86
1554269918.769,76.85
1554270499.013,76.87
1554271079.338,76.94
1554271659.722,77.07
1554272240.021,76.84
1554272820.117,76.99
1554273400.299,76.81
1554273980.73,76.75
1554274560.89,76.81
1554275140.884,76.79
1554275720.864,76.73
1554276300.892,76.83
1554276880.858,77.04
1554277460.87,77
1554278040.706,77.11
1554278621.303,77.18
1554279201.364,77.19
1554279782.061,77.29
1554280362.635,77.32
1554280941.484,77.27
1554281521.589,77.38
1554282101.983,77.45
1554282681.829,77.54
1554283261.357,69.34
1554283841.308,64.76
1554284420.953,64.35
1554285000.832,64.73
1554285580.863,62.62
1554286160.694,58.23
1554286741.305,57.02
1554287321.248,58.18
1554287900.865,60.28
1554288480.678,60.15
1554289060.681,57.65
1554289640.292,56.26
1554290220.647,57.65
1554290800.884,58.71
1554291380.319,58.35
1554291960.247,55.16
1554292540.78,53.32
1554293121.0,53.98
1554293700.806,55.76
1554294280.461,56.29
1554294860.21,53.2
1554295440.138,51.33
1554296020.26,52.45
1554296600.459,54.32
1554297180.46,55.46
1554297760.069,52.14
1554298340.39,50.09
1554298920.49,50.83
1554299500.499,52.41
1554300080.318,54.77
1554300660.467,51.57
1554301240.409,54.24
1554301820.361,58.45
1554302400.364,63.13
1554302980.954,64.82
1554303560.838,66.58
1554304140.99,68.1
1554304721.316,69.7
1554305301.746,69.39
1554305882.071,71.41
1554306462.322,71.59
1554307042.584,72.92
1554307622.488,74.45
1554308202.204,63.76
1554308781.74,58.87
1554309361.63,61.86
1554309941.682,64.25
1554310521.577,65.97
1554311101.444,66.73
1554311685.078,67.66
1554312259.178,68.75
1554312839.173,69.35
1554313419.388,69.99
1554313999.479,70.61
1554314579.715,70.56
1554315159.664,70.79
1554315739.953,71.58
1554316320.338,71.53
1554316900.299,71.83
1554317480.288,72.11
1554318060.358,72.29
1554318640.163,72.52
1554319220.198,72.62
1554319800.67,74.34
1554320380.891,74.25
1554320961.097,74.69
1554321541.046,74.49
1554322121.034,74.74
1554322700.971,73.62
1554323280.958,73.89
1554323860.948,74.45
1554324441.116,74.21
1554325021.183,74.51
1554325601.213,74.67
1554326181.461,74.81
1554326761.583,75.02
1554327341.537,74.87
1554327921.465,75.15
1554328501.753,75.17
1554329081.554,75.22
1554329661.65,75.49
1554330242.084,75.8
1554330821.907,75.75
1554331402.24,75.7
1554331982.154,75.61
1554332562.221,75.83
1554333142.253,75.93
1554333722.001,76.2
1554334302.587,76.32
1554334882.843,76.1
1554335463.199,76.42
1554336043.129,76.24
1554336623.252,76.44
1554337203.488,76.64
1554337783.443,76.76
1554338363.137,76.76
1554338943.029,76.82
1554339523.057,76.88
1554339728.378,77.52
1554340302.754,77.44
1554340882.757,77.84
1554341462.362,77.74
1554342042.142,77.9
1554342622.119,77.92
1554343201.992,77.89
1554343782.058,77.88
1554344361.951,77.85
1554344941.886,78.01
1554345521.711,78.13
1554346101.461,78.13
1554346681.472,78.08
1554347261.679,78.21
1554347841.236,78.15
1554348421.039,78.16
1554349000.748,78.17
1554349580.515,78.29
1554350160.768,78.27
1554350740.554,78.28
1554351320.287,78.34
1554351900.079,78.38
1554352480.058,78.38
1554353060.227,78.36
1554353640.104,78.32
1554354220.054,78.48
1554354800.102,78.42
1554355380.172,78.53
1554355960.521,78.53
1554356540.31,78.69
1554357120.352,78.64
1554357700.238,78.59
1554358280.64,78.66
1554358859.171,78.63
1554359439.081,78.76
1554360019.286,78.83
1554360598.855,78.97
1554361179.16,78.98
1554361759.251,78.84
1554362339.164,78.68
1554362919.367,78.57
1554363499.481,78.68
1554364079.265,78.55
1554364659.385,78.71
1554365239.303,78.55
1554365819.514,78.64
1554366399.561,78.55
1554366979.732,78.52
1554367559.82,78.42
1554368139.649,78.41
1554368719.815,78.43
1554369299.713,78.4
1554369879.399,78.36
1554370459.418,78.58
1554371039.718,78.7
1554371619.959,78.71
1554372199.826,79.06
1554372779.761,79.15
1554373359.845,79.31
1554373939.204,79.45
1554374519.343,79.61
1554375099.323,79.67
1554375679.772,79.45
1554376259.792,79.58
1554376839.719,79.65
1554377419.673,79.6
1554377999.79,79.68
1554378579.72,79.69
1554379161.079,79.74
1554379738.398,78.42
1554380317.575,72.77
1554380897.021,68.56
1554381476.88,64.04
1554382057.256,62.65
1554382637.012,63.62
1554383216.818,64.65
1554383797.076,68.26
1554384377.553,69.91
1554384957.752,71.15
1554385537.971,72.32
1554386117.945,73.05
1554386698.152,73.67
1554387278.358,74.25
1554387858.382,74.74
1554388439.178,75.84
1554389016.535,75.49
1554389596.764,76.13
1554390178.054,76.57
1554390754.976,76.85
1554391335.076,76.82
1554391915.149,77.31
1554392495.042,77.47
1554393075.243,77.64
1554393655.323,77.67
1554394236.424,77.42
1554394813.911,77.95
1554395393.659,77.98
1554395973.48,78.06
1554396553.551,78.54
1554397133.55,78.82
1554397713.485,79.01
1554398293.619,79.02
1554398873.382,79.02
1554399453.292,79.28
1554400032.904,79.24
1554400613.007,79.3
1554401192.822,79.3
1554401772.918,79.3
1554402352.568,79.32
1554402932.296,79.44
1554403512.081,79.3
1554404092.052,79.27
1554404671.877,79.32
1554405251.733,79.08
1554405831.434,79.17
1554406410.94,78.91
1554406990.663,78.82
1554407570.649,78.61
1554408150.439,78.69
1554408730.275,78.65
1554409312.14,78.63
1554409888.091,78.78
1554410467.69,78.72
1554411047.555,78.6
1554411627.272,78.57
1554412207.405,78.64
1554412787.452,78.69
1554413367.513,78.8
1554413947.676,78.91
1554414527.904,79.23
1554415107.969,79.16
1554415688.115,79.19
1554416267.937,79.25
1554416847.954,79.2
1554417427.678,79.28
1554418007.771,79.19
1554418588.121,79.26
1554419168.266,79.34
1554419747.739,79.42
1554420327.82,79.24
1554420907.744,79.42
1554421487.721,79.35
1554422067.791,79.32
1554422647.889,79.64
1554423227.923,79.54
1554423807.531,79.56
1554424387.521,79.68
1554424967.439,79.42
1554425547.443,79.76
1554426127.274,79.95
1554426707.173,79.96
1554427287.163,79.68
1554427867.036,79.73
1554428446.979,79.83
1554429026.742,79.94
1554429606.526,79.96
1554430186.031,80.38
1554430766.12,80.09
1554431346.366,80.35
1554431926.571,80.12
1554432507.279,80.67
1554433084.945,80.4
1554433664.991,80.6
1554434244.987,80.4
1554434825.259,80.44
1554435405.436,79.78
1554435985.333,79.13
1554436565.489,79.77
1554437145.853,80.22
1554437726.09,80.43
1554438306.176,80.51
1554438886.615,80.16
1554439466.569,79.94
1554440045.783,79.89
1554440626.029,79.86
1554441206.329,79.92
1554441786.066,79.88
1554442366.627,79.83
1554442947.096,79.76
1554443527.099,79.75
1554444107.388,79.76
1554444687.28,79.72
1554445267.341,79.63
1554445847.401,79.67
1554446427.646,79.6
1554447007.764,79.57
1554447587.809,79.62
1554448167.514,79.62
1554448747.491,79.56
1554449327.701,79.5
1554449907.844,79.47
1554450488.006,79.44
1554451068.156,79.37
1554451648.05,79.42
1554452228.344,79.38
1554452808.582,79.41
1554453389.238,79.39
1554453969.449,79.37
1554454549.412,79.32
1554455129.768,79.29
1554455710.049,79.25
1554456290.262,79.13
1554456870.202,79.18
1554457450.205,79.17
1554458030.335,79.13
1554458610.686,79.16
1554459192.92,79.22
1554459768.87,79.22
1554460348.707,79.34
1554460929.486,79.31
1554461508.032,79.31
1554462088.142,79.28
1554462668.558,79.63
1554463248.391,79.41
1554463828.59,79.7
1554464408.673,79.68
1554464988.933,79.94
1554465569.02,80.05
1554466149.309,80.04
1554466729.504,79.84
1554467309.577,80.19
1554467889.474,80.14
1554468469.451,80.06
1554469049.906,79.84
1554469629.76,80.02
1554470210.344,79.78
1554470791.114,79.76
1554471369.986,79.73
1554471950.249,79.72
1554472530.412,79.73
1554473110.4,79.72
1554473690.844,79.77
1554474270.629,79.77
1554474850.451,79.75
1554475430.445,78.17
1554476010.069,73.54
1554476589.978,67.83
1554477169.819,62.46
1554477749.883,62.21
1554478330.287,63.96
1554478910.786,68.31
1554479491.162,70.18
1554480071.665,71.59
1554480651.732,72.45
1554481232.259,73.15
1554481810.883,73.65
1554482390.922,74.16
1554482971.2,74.54
1554483551.367,74.98
1554484131.606,75.25
1554484711.128,66.93
1554485290.884,70.67
1554485871.225,72.09
1554486451.378,73.37
1554487031.867,73.95
1554487611.991,74.33
1554488192.119,75.25
1554488772.322,75.44
1554489352.328,76.15
1554489932.433,76.64
1554490512.71,77.08
1554491093.098,77.65
1554491673.367,77.76
1554492253.272,77.56
1554492833.479,77.87
1554493413.779,77.78
1554493993.7,78.5
1554494574.158,79.07
1554495153.986,78.5
1554495733.597,78.75
1554496313.692,78.77
1554496893.979,78.89
1554497474.058,78.91
1554498053.633,79.36
1554498633.934,78.97
1554499214.387,78.95
1554499794.53,79.09
1554500374.42,79.13
1554500954.515,78.99
1554501534.649,78.91
1554502114.785,78.85
1554502694.905,78.9
1554503274.643,78.64
1554503854.685,78.7
1554504434.681,78.63
1554505014.869,78.55
1554505594.771,78.61
1554506174.901,78.37
1554506754.643,78.58
1554507334.496,78.5
1554507914.723,78.6
1554508494.627,78.63
1554509074.365,78.8
1554509654.695,78.59
1554510234.727,79.08
1554510814.673,79.3
1554511394.816,79.17
1554511974.548,79.2
1554512554.798,79.51
1554513135.085,79.8
1554513715.205,79.9
1554514295.661,79.36
1554514875.42,80.23
1554515455.868,80.34
1554516035.748,75.96
1554516615.57,77.15
1554517195.389,78.19
1554517775.604,78.65
1554518355.744,78.49
1554518938.053,78.53
1554519513.654,78.6
1554520093.594,78.63
1554520673.745,78.6
1554521253.971,78.82
1554521834.503,78.95
1554522415.048,79.15
1554522995.388,78.88
1554523575.786,78.91
1554524155.992,76.66
1554524735.64,72.56
1554525315.458,71.21
1554525895.813,73.73
1554526476.13,74.26
1554527056.763,74.55
1554527637.141,74.68
1554528215.915,74.46
1554528796.11,74.22
1554529375.994,74.52
1554529955.921,74.83
1554530536.387,75.58
1554531115.895,75.33
1554531695.73,63.76
1554532274.298,59.7
1554532854.651,59.92
1554533435.586,64.8
1554534015.689,68.36
1554534595.998,69.35
1554535176.155,68.95
1554535755.505,61.84
1554536335.243,57.92
1554536914.696,56.8
1554537494.187,57.33
1554538074.098,56.08
1554538654.041,54.81
1554539233.933,54.56
1554539813.571,52.81
1554540393.572,52.68
1554540973.806,52.49
1554541553.71,52.25
1554542133.775,52.26
1554542713.461,51.26
1554543293.478,51.47
1554543873.293,51.6
1554544452.993,50.61
1554545032.512,50.77
1554545612.427,50.84
1554546192.189,49.45
1554546772.078,50.99
1554547351.972,51.35
1554547932.053,50.36
1554548511.88,53.27
1554549092.365,50.23
1554549627.39,52.12
1554550199.936,51.37
1554550779.68,50.51
1554551359.979,50.07
1554551940.283,48.23
1554552520.132,49.21
1554553100.34,49.64
1554553680.996,56.29
1554554261.348,58.67
1554554841.313,61.47
1554555421.611,63.26
1554556001.702,65.19
1554556581.477,66.93
1554557161.872,68.29
1554557742.17,68.31
1554558322.179,69
1554558902.681,70.27
1554559482.796,69.75
1554560062.894,69.95
1554560642.834,70.71
1554561223.296,70.7
1554561803.106,70.73
1554562383.063,70.77
1554562963.046,71.85
1554563543.028,71.4
1554564123.0,72.02
1554564502.032,72.46
1554565075.532,62.05
1554565654.788,57.01
1554566234.158,51.56
1554566816.988,51.27
1554567391.354,50.7
1554567971.149,52.78
1554568551.303,52.73
1554569130.906,49.95
1554569710.419,51.48
1554570290.313,51.62
1554570870.17,52.44
1554571450.859,55.34
1554572031.529,57.23
1554572611.766,59.13
1554573191.88,60.45
1554573771.99,61.79
1554574351.93,62.64
1554574931.675,63.6
1554575511.912,64.5
1554576091.563,65.25
1554576671.521,65.77
1554577251.428,66
1554577831.663,66.7
1554578411.777,67.05
1554578991.483,67.68
1554579571.581,68.38
1554580151.261,68.91
1554580731.111,68.97
1554581310.939,69.26
1554581890.995,69.42
1554582471.009,69.71
1554583051.165,69.68
1554583631.43,70.07
1554584211.229,70.04
1554584791.238,70.3
1554585371.619,70.96
1554585951.9,70.98
1554586531.972,71.28
1554587112.52,71.85
1554587691.708,71.22
1554588271.836,72.05
1554588850.964,58.95
1554589430.986,64.9
1554590010.68,63.28
1554590591.23,64.25
1554591169.758,65.88
1554591750.154,64.27
1554592330.139,67.38
1554592909.957,64.49
1554593490.317,69.27
1554594070.589,66.35
1554594649.915,68.4
1554595229.986,71.44
1554595810.004,67.85
1554596390.242,71.52
1554596969.968,68.05
1554597550.078,71.43
1554598130.224,67.96
1554598710.187,71.61
1554599289.978,69.01
1554599869.634,68.65
1554600450.181,66.7
1554601030.234,64.77
1554601610.137,64.53
1554602190.606,65.38
1554602770.305,65.28
1554603350.47,65.37
1554603930.232,64.36
1554604509.825,62.61
1554605089.985,64.05
1554605669.793,66.94
1554606249.279,64
1554606829.572,67.97
1554607409.6,62
1554607989.898,64.29
1554608570.148,65.29
1554609150.441,66.69
1554609730.572,67.46
1554610310.056,68.24
1554610890.558,68.72
1554611469.971,69.13
1554612049.854,69.63
1554612629.946,69.65
1554613210.299,69.99
1554613790.579,70.04
1554614370.79,67.48
1554614949.928,57.76
1554615529.475,53.27
1554616109.319,52.67
1554616689.195,55.01
1554617268.769,50.38
1554617848.989,52.02
1554618428.477,48.35
1554619008.436,50.19
1554619588.565,47.76
1554620168.387,47.99
1554620748.462,47.21
1554621328.146,44.88
1554621908.248,43.57
1554622487.996,43.68
1554623067.926,44.43
1554623648.054,44.77
1554624228.081,42.95
1554624807.972,41.95
1554625389.09,45.29
1554625969.917,49.01
1554626550.139,51.07
1554627130.323,54.3
1554627710.416,55.68
1554628290.522,57.11
1554628870.371,58.35
1554629450.724,59.78
1554630031.257,60.68
1554630611.426,61.6
1554631191.508,62.3
1554631771.393,63.21
1554632351.718,63.77
1554632931.073,64.6
1554633511.641,65.09
1554634092.629,65.45
1554634673.016,65.95
1554635252.52,54.15
1554635831.768,49.93
1554636411.762,48.16
1554636992.571,45.9
1554637571.216,44
1554638150.363,42.88
1554638730.457,41.41
1554639310.559,40.49
1554639890.793,40.13
1554640470.89,39.52
1554641050.369,39.02
1554641630.361,38.77
1554642210.251,41.51
1554642789.835,39.23
1554643370.01,39.69
1554643950.331,40.05
1554644530.315,42.93
1554645110.119,41.6
1554645690.443,42.16
1554646270.372,43.17
1554646850.43,42.3
1554647430.726,41.85
1554648010.891,41.77
1554648590.787,42.71
1554649170.708,42.88
1554649750.6,42.83
1554650330.695,43.78
1554650911.016,43.33
1554651490.957,43.93
1554652071.202,46.02
1554652651.881,45.03
1554653230.827,47.02
1554653810.836,47.46
1554654391.032,47.29
1554654971.048,47.04
1554655550.734,48.57
1554656130.708,48.02
1554656710.716,49.57
1554657290.841,49.3
1554657871.456,50.59
1554658452.042,52.46
1554659032.495,53.99
1554659612.496,55.62
1554660192.724,56.96
1554660772.954,57.61
1554661353.543,58.52
1554661933.77,59.33
1554662513.923,60.21
1554663094.462,60.9
1554663674.295,61.37
1554664254.912,62.41
1554664835.018,62.67
1554665414.939,62.88
1554665995.223,63.41
1554666575.084,63.85
1554667155.418,64.31
1554667735.831,64.8
1554668315.888,65.08
1554668895.785,65.62
1554669476.038,65.7
1554670055.837,66.24
1554670636.144,66.28
1554671216.241,66.59
1554671796.641,66.76
1554672376.644,67.03
1554672956.644,67.4
1554673536.921,67.9
1554674116.958,67.78
1554674696.98,67.98
1554675277.223,68.19
1554675857.506,68.68
1554676437.683,68.95
1554677017.697,69.29
1554677597.953,69.05
1554678178.251,69.25
1554678757.982,69.5
1554679338.077,69.58
1554679917.916,69.87
1554680497.988,70.05
1554681078.14,70.47
1554681658.531,70.16
1554682238.773,70.71
1554682818.833,70.76
1554683398.955,71.39
1554683979.27,71.73
1554684559.366,72.53
1554685139.81,73.66
1554685719.897,73.81
1554686299.859,73.03
1554686880.092,73.09
1554687460.203,72.97
1554688040.646,72.95
1554688620.768,72.88
1554689201.381,21474840.0
1554689781.289,73.81
1554690361.468,74.19
1554690941.454,74.07
1554691521.6,74.02
1554692102.044,74.08
1554692682.085,74.18
1554693262.248,74.15
1554693842.387,73.71
1554694422.936,73.71
1554695002.95,73.71
1554695583.38,73.87
1554696163.749,73.76
1554696744.057,73.79
1554697323.807,73.76
1554697904.03,73.65
1554698484.464,73.87
1554699064.692,73.59
1554699644.809,73.57
1554700225.307,73.56
1554700805.23,73.51
1554701385.644,73.5
1554701966.054,73.47
1554702546.273,73.49
1554703126.278,73.53
1554703706.432,73.4
1554704286.702,73.49
1554704867.187,73.45
1554705447.674,73.56
1554706028.141,73.79
1554706608.482,73.57
1554707188.167,73.54
1554707768.617,73.56
1554708348.568,73.62
1554708929.09,73.62
1554709509.396,73.67
1554710089.595,73.67
1554710669.483,73.67
1554711249.952,73.71
1554711830.279,73.89
1554712410.276,73.74
1554712990.649,73.75
1554713570.962,73.85
1554714151.005,73.89
1554714730.364,61.63
1554715310.076,54.73
1554715889.648,50.31
1554716469.358,47.56
1554717049.728,45.64
1554717629.863,43.37
1554718209.299,42.12
1554718789.278,41
1554719369.475,39.99
1554719949.897,38.96
1554720530.159,38.31
1554721110.243,37.84
1554721690.398,37.26
1554722270.522,36.75
1554722850.761,40.09
1554723430.68,37.83
1554724010.535,36.68
1554724591.17,39.51
1554725171.135,41.64
1554725751.498,43.62
1554726331.185,39.04
1554726910.97,37.23
1554727491.023,36.1
1554728070.892,35.46
1554728651.012,35.03
1554729231.459,38.51
1554729811.444,40.37
1554730391.302,36.71
1554730971.487,38.79
1554731551.269,38.87
1554732131.126,36.95
1554732711.254,38.99
1554733291.12,40.35
1554733871.191,41.69
1554734451.0,41.92
1554735031.136,41.4
1554735611.628,40.93
1554736190.179,40.93
1554736770.242,40.86
1554737350.343,42.29
1554737930.426,44.06
1554738510.387,43.5
1554739090.087,42.29
1554739670.518,41.18
1554740250.537,41.92
1554740830.647,44.65
1554741410.836,43.35
1554741990.487,48.09
1554742571.01,48.97
1554743151.728,50.89
1554743732.052,51.08
1554744312.376,52.6
1554744892.625,54.01
1554745472.416,54.86
1554746052.471,55.73
1554746632.456,56.46
1554747212.64,57.35
1554747793.07,58.25
1554748373.197,58.68
1554748953.21,59.04
1554749533.208,59.65
1554750113.432,60.24
1554750693.603,60.82
1554751273.879,62.15
1554751854.094,62.76
1554752434.645,62.96
1554753014.65,63.87
1554753594.604,63.74
1554754174.909,63.71
1554754755.145,64.12
1554755335.455,65.1
1554755915.87,65.06
1554756496.253,65.51
1554757076.335,65.74
1554757656.23,66.05
1554758236.262,65.85
1554758816.591,66.06
1554759396.807,66.29
1554759977.029,66.53
1554760557.108,66.7
1554761137.305,67.01
1554761717.583,66.92
1554762297.917,67.27
1554762877.974,67.67
1554763457.953,67.76
1554764038.425,68.13
1554764618.438,68.15
1554765199.908,68.47
1554765777.346,68.57
1554766357.459,68.69
1554766937.313,68.84
1554767517.704,69.28
1554768097.584,57.31
1554768676.198,57.8
1554769256.099,58.7
1554769836.036,58.35
1554770416.374,60.3
1554770996.835,62.7
1554771577.33,64.64
1554772157.645,65.75
1554772737.561,66.9
1554773317.71,67.04
1554773897.785,67.52
1554774478.203,68.18
1554775058.329,68.72
1554775638.646,68.65
1554776219.054,68.9
1554776799.374,69.4
1554777379.538,69.31
1554777959.901,69.67
1554778539.875,69.4
1554779119.965,69.63
1554779700.107,69.55
1554780280.783,69.81
1554780861.255,69.86
1554781441.211,69.75
1554782021.616,69.63
1554782601.705,69.53
1554783181.886,69.31
1554783762.399,69.46
1554784343.057,69.81
1554784923.2,69.71
1554785503.389,69.84
1554786083.594,69.87
1554786663.95,70.08
1554787244.13,69.89
1554787824.387,69.9
1554788404.476,70.01
1554788984.949,70.21
1554789565.287,70.29
1554790145.786,70.42
1554790725.822,70.47
1554791306.152,70.68
1554791886.253,70.64
1554792466.816,70.71
1554793047.176,70.93
1554793627.282,70.96
1554794207.777,71.06
1554794787.987,71.04
1554795368.523,70.96
1554795948.664,71.2
1554796528.994,71.26
1554797109.454,71.32
1554797689.481,71.38
1554798269.672,71.54
1554798849.448,71.65
1554799429.617,71.44
1554800009.88,71.55
1554800590.386,71.62
1554801170.647,71.82
1554801751.297,71.73
1554802331.582,71.86
1554802911.795,71.74
1554803492.35,71.86
1554804072.812,71.84
1554804652.962,71.95
1554805233.076,71.99
1554805813.258,72.07
1554806393.379,72.12
1554806973.715,72.16
1554807553.691,72.22
1554808133.82,72.24
1554808714.018,62.65
1554809293.936,54.08
1554809873.503,48.78
1554810453.444,45.86
1554811033.178,43.22
1554811613.272,43.32
1554812193.488,41.95
1554812773.527,40.37
1554813353.588,39.03
1554813933.618,38.02
1554814513.623,37.34
1554815093.717,36.91
1554815673.974,36.38
1554816254.205,35.91
1554816834.538,35.4
1554817414.846,34.91
1554817994.901,34.63
1554818575.042,36.67
1554819155.386,35.9
1554819735.558,36.39
1554820315.537,36.46
1554820895.868,37.53
1554821475.809,40.15
1554822055.77,37.37
1554822636.346,35.98
1554823216.508,35.24
1554823796.687,34.81
1554824376.659,34.14
1554824956.778,34.36
1554825536.84,34.97
1554826117.314,35.76
1554826697.694,37.57
1554827277.89,36
1554827857.974,39.33
1554828438.209,38.11
1554829017.785,38.15
1554829597.651,38.14
1554830177.939,41.28
1554830758.871,43.73
1554831339.76,46.08
1554831920.33,47.79
1554832501.004,49.39
1554833081.058,51.57
1554833661.732,52.31
1554834240.439,53.13
1554834820.656,54.32
1554835400.936,55.29
1554835981.134,56.11
1554836561.093,56.97
1554837141.278,57.9
1554837721.62,58.34
1554838301.994,58.97
1554838882.321,59.86
1554839462.305,60.38
1554840042.277,61.54
1554840622.617,62.06
1554841203.114,62.71
1554841783.206,62.75
1554842363.46,62.89
1554842943.346,63.3
1554843523.551,63.39
1554844103.851,63.66
1554844683.98,63.91
1554845264.163,64.18
1554845844.17,64.57
1554846424.309,65.11
1554847004.653,65.2
1554847584.992,65.11
1554848165.014,65.72
1554848745.283,65.81
1554849325.337,66.16
1554849905.439,66.31
1554850485.493,66.55
1554851065.829,66.67
1554851646.422,66.92
1554852226.187,61.61
1554852806.035,62.27
1554853386.395,63.89
1554853966.822,64.53
1554854546.987,65.71
1554855126.905,66.04
1554855707.286,66.56
1554856287.637,66.75
1554856867.625,67.19
1554857447.985,69.06
1554858028.378,70.99
1554858608.597,71.49
1554859188.516,70.71
1554859768.942,70.41
1554860349.478,69.98
1554860930.117,71.01
1554861510.553,71.11
1554862090.815,71.18
1554862670.746,71.45
1554863251.118,71.92
1554863831.492,71.84
1554864411.889,71.42
1554864992.109,71.18
1554865572.226,71.37
1554866152.659,71.56
1554866732.856,71.6
1554867313.241,71.41
1554867893.662,71.34
1554868473.904,71.45
1554869053.901,71.3
1554869634.289,71.09
1554870214.506,71.01
1554870794.759,71.05
1554871374.982,70.96
1554871955.208,70.98
1554872535.848,70.99
1554873116.328,71.12
1554873697.211,70.65
1554874277.662,70.94
1554874858.247,71.16
1554875438.559,70.8
1554876019.142,71.39
1554876599.285,71.21
1554877179.693,71.07
1554877760.101,71.02
1554878340.095,71.09
1554878920.204,70.35
1554879500.349,70.23
1554880080.679,69.51
1554880660.78,70.61
1554881241.345,70.67
1554881839.025,70.15
1554881840.824,70.16
1554881844.692,70.15
1554882410.926,70.5
1554882993.601,70.93
1554883568.755,70.08
1554884148.758,70.08
1554884729.422,69.82
1554885309.492,70.59
1554885889.268,70.67
1554886469.779,70.07
1554887050.21,70.06
1554887630.194,65.9
1554888209.615,55.07
1554888789.224,49.9
1554889368.965,45.83
1554889948.581,43.17
1554890528.416,41.61
1554891108.32,39.88
1554891688.264,38.82
1554892268.467,38.05
1554892848.235,37.26
1554893428.388,36.61
1554894008.444,35.97
1554894588.603,35.54
1554895168.349,36.62
1554895750.421,43.34
1554896326.436,46.64
1554896906.811,46.82
1554897487.11,47.64
1554898067.408,47.99
1554898647.455,48.71
1554899227.45,48.39
1554899807.79,48.15
1554900387.594,43.96
1554900967.295,40.22
1554901547.541,44.98
1554902127.976,40.15
1554902708.592,39.95
1554903288.206,43.76
1554903868.594,41.21
1554904448.705,38.35
1554905029.179,36.96
1554905609.087,36.08
1554906188.9,35.58
1554906768.887,35.12
1554907348.919,35.08
1554907928.85,35.27
1554908508.646,34.56
1554909088.816,34.49
1554909668.876,34.07
1554910248.945,37.51
1554910828.849,36.47
1554911409.048,36.52
1554911989.486,38.93
1554912570.253,41.89
1554913150.38,44.32
1554913730.686,46.18
1554914310.946,47.75
1554914891.055,48.33
1554915471.047,50.76
1554916051.108,51.59
1554916631.456,52.9
1554917211.811,53.62
1554917792.232,53.64
1554918372.654,54.29
1554918953.048,55.85
1554919533.332,56.49
1554920113.569,57
1554920693.989,57.85
1554921273.928,58.44
1554921854.425,58.8
1554922434.901,59.33
1554923015.2,59.9
1554923595.534,60.21
1554924175.986,60.8
1554924756.399,61.39
1554925337.204,61.74
1554925917.436,61.93
1554926497.689,62.2
1554927077.544,62.61
1554927657.459,62.8
1554928237.319,63.12
1554928817.473,63.4
1554929397.506,63.72
1554929977.838,63.84
1554930558.008,64.12
1554931138.127,64.33
1554931718.162,64.6
1554932298.214,64.75
1554932878.372,64.97
1554933458.879,65.38
1554934038.843,65.69
1554934619.136,65.69
1554935199.302,65.93
1554935779.25,66.04
1554936359.132,66.38
1554936939.15,66.51
1554937519.478,66.9
1554938099.738,67.14
1554938679.815,67.17
1554939260.01,67.27
1554939840.103,57.75
1554940419.444,55.94
1554940999.716,58.98
1554941579.908,60.52
1554942160.294,63.02
1554942750.777,63.38
1554943321.651,64.19
1554943901.95,65.53
1554944482.006,65.95
1554945062.413,66.16
1554945642.212,66.48
1554946222.398,66.8
1554946802.517,67.51
1554947382.639,67.42
1554947962.934,67.14
1554948543.561,67.41
1554949124.096,67.98
1554949704.261,67.98
1554950284.591,68.1
1554950865.091,68.08
1554951445.482,68.51
1554952025.515,68.49
1554952606.062,68.51
1554953185.634,68.6
1554953765.53,68.61
1554954346.145,68.54
1554954926.758,68.42
1554955507.014,68.54
1554956087.197,68.48
1554956667.768,68.31
1554957247.501,68.33
1554957827.487,68.35
1554958407.863,68.32
1554958987.931,68.39
1554959568.149,68.51
1554960148.419,68.58
1554960728.793,68.59
1554961309.224,68.73
1554961889.615,68.89
1554962469.539,68.98
1554963049.973,69.07
1554963630.179,69.13
1554964210.835,69.27
1554964791.056,69.26
1554965371.478,69.33
1554965952.138,69.33
1554966532.591,69.34
1554967112.83,69.38
1554967692.981,69.43
1554968273.253,69.46
1554968853.549,69.54
1554969433.647,69.64
1554970013.894,69.6
1554970594.09,69.65
1554971174.514,69.81
1554971754.504,69.9
1554972334.557,69.86
1554972915.215,69.81
1554973494.923,69.74
1554974075.148,69.65
1554974655.322,69.62
1554975235.673,69.46
1554975815.884,69.62
1554976396.187,69.48
1554976976.298,69.48
1554977556.217,69.74
1554978136.661,69.4
1554978716.754,69.25
1554979296.933,69.07
1554979877.076,69.17
1554980457.054,59.26
1554981036.496,51.71
1554981616.277,47.15
1554982196.135,44.11
1554982776.359,43.75
1554983356.633,42.42
1554983936.788,41.46
1554984516.964,42.27
1554985097.091,39.66
1554985677.361,39.08
1554986257.485,41.24
1554986837.389,43.46
1554987417.49,44.37
1554987997.475,43.68
1554988577.684,44.06
1554989157.143,44.48
1554989736.596,45.25
1554990316.639,43.91
1554990896.628,42.82
1554991476.824,43.7
1554992056.765,46.16
1554992637.012,44.62
1554993217.167,44.43
1554993797.532,47.85
1554994377.537,46.71
1554994957.56,48.26
1554995537.705,50.35
1554996117.962,48.56
1554996698.278,48.78
1554997278.319,50.38
1554997858.639,51.61
1554998438.835,52.47
1554999018.793,53.46
1554999599.278,52.78
1555000179.38,52.47
1555000759.574,55.91
1555001339.799,59.25
1555001919.83,59.37
1555002500.215,57.82
1555003080.755,60.06
1555003661.12,60.3
1555004241.094,60.69
1555004821.351,61.15
1555005401.434,61.33
1555005981.625,61.71
1555006561.599,61.94
1555007141.805,62.29
1555007721.988,62.63
1555008301.963,63.18
1555008882.265,63.25
1555009462.055,63.58
1555010042.115,63.64
1555010622.298,64.25
1555011202.525,64.28
1555011782.585,64.64
1555012362.541,64.7
1555012942.322,64.86
1555013522.5,65.13
1555014102.7,65.27
1555014682.94,65.3
1555015262.765,65.42
1555015842.755,65.54
1555016422.853,65.53
1555017003.036,65.65
1555017582.915,65.68
1555018162.863,65.63
1555018743.009,65.68
1555019323.382,66.02
1555019903.634,65.96
1555020484.055,66.07
1555021064.033,66.04
1555021645.162,66.07
1555022222.544,66.12
1555022802.697,66.24
1555023382.466,66.36
1555023962.651,66.48
1555024542.991,66.57
1555025122.773,66.58
1555025703.094,66.61
1555026283.389,66.66
1555026863.099,66.84
1555027443.145,66.96
1555028023.234,67.1
1555028603.326,67.48
1555029183.394,67.32
1555029763.386,67.26
1555030343.555,67.11
1555030923.764,67.56
1555031503.66,67.68
1555032083.934,67.67
1555032663.993,67.78
1555033244.042,67.85
1555033824.185,67.87
1555034403.72,67.97
1555034983.743,68.07
1555035564.042,68
1555036143.973,68.18
1555036724.042,68.11
1555037303.829,68.06
1555037883.601,68.16
1555038463.464,68.22
1555039043.227,68.15
1555039623.386,68.22
1555040203.027,68.45
1555040783.057,68.59
1555041363.354,68.67
1555041943.635,68.96
1555042523.709,68.94
1555043103.407,69
1555043683.564,69.35
1555044263.353,69.4
1555044843.347,69.52
1555045423.036,69.63
1555046003.213,69.56
1555046583.213,69.67
1555047163.117,69.9
1555047742.986,69.76
1555048322.622,69.91
1555048902.265,69.85
1555049482.164,70.15
1555050062.219,70.22
1555050642.365,70.31
1555051222.083,70.3
1555051802.021,70.51
1555052382.064,70.49
1555052962.264,70.55
1555053542.484,70.77
1555054122.098,70.71
1555054702.01,70.78
1555055281.901,70.92
1555055861.496,71.07
1555056441.602,71.02
1555057021.901,71.24
1555057601.726,71.33
1555058181.583,71.34
1555058761.32,71.34
1555059341.49,72.88
1555059921.528,73.55
1555060501.714,73.89
1555061081.745,73.82
1555061661.288,73.86
1555062241.619,73.95
1555062821.62,73.99
1555063401.728,73.98
1555063981.479,73.95
1555064561.461,74.09
1555065141.57,74.13
1555065721.554,74.08
1555066301.156,74.17
1555066880.595,74.29
1555067460.803,74.47
1555068040.807,74.45
1555068620.591,74.31
1555069200.615,74.68
1555069780.731,74.54
1555070360.677,75.09
1555070940.545,75.14
1555071520.6,75.49
1555072100.412,75.67
1555072680.45,75.73
1555073260.393,75.55
1555073840.588,75.89
1555074420.825,75.6
1555075000.959,75.43
1555075581.074,75.45
1555076160.988,75.52
1555076741.196,75.5
1555077320.925,75.88
1555077900.625,75.63
1555078480.291,75.7
1555079060.236,75.6
1555079640.124,75.75
1555080219.886,76.02
1555080800.178,75.95
1555081380.218,75.95
1555081960.117,76.15
1555082540.013,76.06
1555083119.781,76.14
1555083699.666,76.19
1555084279.918,76.2
1555084858.736,76.24
1555085438.634,76.54
1555086018.383,76.46
1555086598.169,76.79
1555087178.128,76.88
1555087758.085,76.85
1555088337.987,77.13
1555088918.077,77.27
1555089498.122,77.15
1555090078.337,77.37
1555090658.467,77.54
1555091238.458,77.49
1555091818.174,77.57
1555092398.106,77.74
1555092977.989,77.61
1555093558.191,77.71
1555094138.291,77.74
1555094717.96,76.3
1555095297.828,77.87
1555095877.849,78.11
1555096457.847,78.44
1555097037.323,78.39
1555097617.134,78.46
1555098196.886,78.34
1555098776.721,78.47
1555099356.699,78.45
1555099936.667,78.52
1555100516.472,78.61
1555101096.065,78.5
1555101676.132,78.66
1555102256.317,78.67
1555102836.103,78.74
1555103415.882,78.82
1555103995.72,78.87
1555104575.492,79.06
1555105155.458,78.94
1555105735.163,78.97
1555106315.122,79.1
1555106895.316,79.16
1555107475.387,79.26
1555108055.091,79.38
1555108634.804,79.37
1555109214.755,79.49
1555109794.445,79.61
1555110374.579,79.55
1555110954.668,79.76
1555111534.442,79.65
1555112114.037,79.84
1555112694.065,79.83
1555113273.789,79.91
1555113853.735,80.02
1555114433.707,80.08
1555115013.391,80.13
1555115593.429,80.13
1555116173.304,80.36
1555116753.04,80.34
1555117332.681,80.44
1555117912.692,80.48
1555118492.747,80.55
1555119072.727,80.58
1555119652.36,80.73
1555120231.966,80.76
1555120812.143,80.83
1555121392.062,80.91
1555121971.889,80.79
1555122551.736,81.05
1555123131.54,80.72
1555123711.757,80.49
1555124291.885,80.81
1555124872.001,80.68
1555125452.307,80.79
1555126032.3,81.2
1555126612.264,80.57
1555127192.254,80.75
1555127771.807,80.77
1555128353.315,80.84
1555128929.395,81.02
1555129509.422,80.97
1555130089.059,80.85
1555130669.181,81
1555131249.29,80.98
1555131828.729,80.83
1555132408.434,81.34
1555132988.304,81.77
1555133568.478,81.25
1555134148.297,81.25
1555134728.168,81.13
1555135309.569,81.23
1555135886.078,81.18
1555136465.194,81.13
1555137045.125,81.17
1555137624.948,81.18
1555138204.843,81.27
1555138784.835,81.24
1555139365.297,81.18
1555139944.169,81.38
1555140523.821,81.34
1555141103.566,81.35
1555141683.552,81.3
1555142263.986,81.19
1555142843.911,81.32
1555143424.358,81.26
1555144003.422,81.25
1555144583.437,81.21
1555145162.735,81.3
1555145742.526,81.27
1555146322.431,81.33
1555146902.57,81.4
1555147482.429,81.36
1555148062.324,81.3
1555148642.439,81.53
1555149222.397,81.41
1555149802.206,81.45
1555150382.373,81.44
1555150962.285,81.66
1555151542.118,81.63
1555152122.217,81.57
1555152702.109,81.7
1555153282.516,81.55
1555153860.787,81.66
1555154440.668,81.68
1555155020.879,81.74
1555155599.366,81.99
1555156179.33,82.26
1555156759.462,82.27
1555157339.128,82.42
1555157919.223,82.26
1555158499.407,82.12
1555159079.321,82.43
1555159658.934,82.24
1555160238.364,82.2
1555160818.39,82.27
1555161398.384,82.29
1555161978.266,82.36
1555162558.741,82.67
1555163137.4,82.66
1555163717.302,82.54
1555164297.474,82.6
1555164876.747,82.46
1555165456.933,82.44
1555166036.879,82.75
1555166616.659,82.9
1555167196.527,82.88
1555167776.366,82.8
1555168356.394,82.96
1555168936.136,82.68
1555169516.454,82.5
1555170096.095,82.87
1555170675.967,82.97
1555171255.938,82.92
1555171835.667,82.93
1555172415.657,82.83
1555172995.292,83.21
1555173575.064,83.1
1555174155.07,83.33
1555174734.675,83.11
1555175314.594,83.13
1555175894.912,83.07
1555176474.818,83.17
1555177054.754,83.18
1555177634.752,83.13
1555178214.989,83.15
1555178794.82,83.17
1555179374.792,83.27
1555179954.603,83.32
1555180534.016,83.31
1555181113.792,83.55
1555181693.908,83.38
1555182273.765,83.49
1555182853.891,83.47
1555183433.771,83.55
1555184013.711,83.47
1555184593.809,83.55
1555185173.717,83.6
1555185753.576,83.5
1555186333.307,83.6
1555186913.355,83.68
1555187493.444,83.65
1555188073.243,83.64
1555188653.389,83.74
1555189233.287,83.75
1555189813.189,83.92
1555190392.938,83.8
1555190972.837,83.85
1555191552.865,83.84
1555192132.683,83.88
1555192712.707,83.87
1555193292.828,83.96
1555193873.135,84.01
1555194452.686,83.94
1555195032.446,83.88
1555195612.527,83.85
1555196192.325,83.89
1555196772.373,84.04
1555197352.307,84.04
1555197932.521,84.01
1555198512.5,84.18
1555199092.476,83.99
1555199672.818,84.22
1555200252.741,84.22
1555200832.597,84.1
1555201412.253,84.09
1555201992.007,84.32
1555202572.028,84.38
1555203152.24,84.42
1555203731.747,84.21
1555204311.78,84.21
1555204892.09,84.11
1555205471.892,83.96
1555206051.82,84.08
1555206631.727,84.14
1555207211.766,84.08
1555207791.53,84.11
1555208372.187,84.04
1555208951.971,83.83
1555209531.689,83.85
1555210111.616,83.91
1555210691.658,83.96
1555211271.292,84.01
1555211851.401,84.12
1555212431.041,84.27
1555213010.719,84.28
1555213591.089,84.17
1555214171.057,84.26
1555214751.088,84.28
1555215330.948,84.34
1555215910.78,84.5
1555216490.964,84.38
1555217071.222,84.47
1555217651.04,84.48
1555218230.998,84.48
1555218810.849,84.46
1555219391.06,84.47
1555219970.691,84.74
1555220550.638,85.01
1555221130.543,85.12
1555221710.416,85.22
1555222290.373,85.09
1555222870.974,84.97
1555223450.924,84.94
1555224031.008,84.82
1555224611.303,85.04
1555225191.575,85.06
1555225771.541,85.01
1555226351.7,84.87
1555226932.001,84
1555227512.357,84.51
1555228092.438,82.58
1555228672.313,83.55
1555229252.649,84.08
1555229832.428,81.04
1555230412.512,82.88
1555230992.697,83.65
1555231572.432,81.02
1555232152.85,82.64
1555232733.214,83.4
1555233313.322,81.19
1555233893.729,82.38
1555234473.84,83.11
1555235053.896,80.04
1555235633.389,81.97
1555236213.795,82.45
1555236792.637,83.23
1555237372.459,80.41
1555237952.723,82.12
1555238532.875,82.98
1555239112.644,79.77
1555239692.528,81.81
1555240272.603,82.66
1555240852.68,79.6
1555241433.117,82.48
1555242011.072,82.78
1555242591.442,83.33
1555243171.366,77.65
1555243751.211,75.01
1555244330.876,74.17
1555244910.554,71.16
1555245490.52,72.56
1555246070.845,76.2
1555246651.045,77.22
1555247231.042,78.01
1555247811.216,78.68
1555248391.273,79.35
1555248971.291,79.86
1555249551.416,80.21
1555250131.372,80.63
1555250711.39,80.88
1555251291.408,81.14
1555251871.442,81.37
1555252451.624,81.32
1555253031.461,81.48
1555253611.097,81.27
1555254190.961,80.96
1555254771.362,81.65
1555255351.249,81.71
1555255931.064,82.07
1555256511.353,82.29
1555257091.134,82.47
1555257671.07,82.56
1555258251.186,82.61
1555258831.01,82.49
1555259411.632,82.81
1555259991.238,82.68
1555260571.444,82.91
1555261151.576,82.75
1555261731.506,83.27
1555262311.639,82.86
1555262891.596,83.09
1555263471.366,83.28
1555264051.288,83.22
1555264631.484,83.31
1555265211.598,83.25
1555265791.227,83.31
1555266371.352,83.36
1555266951.308,83.38
1555267531.463,83.34
1555268111.694,83.34
1555268693.237,83.31
1555269270.219,83.3
1555269850.276,83.29
1555270430.369,83.21
1555271010.253,83.22
1555271590.379,83.12
1555272170.278,83.09
1555272751.203,83.3
1555273329.972,83.08
1555273910.084,83.08
1555274489.759,82.8
1555275069.924,82.67
1555275649.931,82.56
1555276230.217,82.59
1555276809.96,82.76
1555277390.263,82.47
1555277970.055,82.33
1555278549.999,82.28
1555279129.792,82.56
1555279709.675,82.36
1555280289.443,82.31
1555280869.332,82.1
1555281449.118,82.12
1555282028.908,82.02
1555282608.984,82.24
1555283189.313,82.27
1555283769.419,82.21
1555284349.441,82.38
1555284929.638,82.42
1555285509.849,82.6
1555286089.776,82.56
1555286669.983,82.5
1555287249.739,82.53
1555287829.448,82.78
1555288409.71,82.69
1555288989.861,82.91
1555289569.794,82.76
1555290149.683,82.9
1555290729.801,83.24
1555291309.461,83.22
1555291889.447,83.22
1555292469.758,83.13
1555293050.017,83.13
1555293629.999,83.17
1555294210.12,83.26
1555294790.147,83.28
1555295370.127,83.38
1555295950.305,83.33
1555296530.14,83.42
1555297109.947,83.42
1555297689.625,83.42
1555298269.258,83.44
1555298848.972,83.57
1555299428.913,83.58
1555300008.985,83.61
1555300589.308,83.55
1555301169.149,83.61
1555301749.233,83.76
1555302329.124,83.68
1555302908.78,83.86
1555303488.721,83.77
1555304069.915,83.79
1555304647.224,83.73
1555305226.949,83.81
1555305807.103,83.82
1555306386.875,83.96
1555306966.719,83.83
1555307546.388,83.84
1555308126.376,83.87
1555308706.242,83.97
1555309286.016,83.91
1555309865.565,84.03
1555310445.606,84.09
1555311025.453,83.98
1555311605.427,84.15
1555312185.234,84.06
1555312765.285,84.24
1555313345.014,84.3
1555313924.834,84.18
1555314504.722,84.33
1555315084.664,84.28
1555315664.771,84.29
1555316244.55,84.27
1555316824.51,84.43
1555317404.102,84.26
1555317983.888,84.34
1555318563.915,84.52
1555319144.074,84.36
1555319724.078,84.39
1555320304.249,84.37
1555320883.99,84.35
1555321464.178,84.31
1555322044.121,84.31
1555322624.229,84.33
1555323204.113,84.38
1555323783.988,84.41
1555324363.888,84.34
1555324944.024,84.44
1555325523.94,84.32
1555326103.942,84.3
1555326683.554,84.28
1555327263.638,84.29
1555327843.53,84.41
1555328423.648,84.94
1555329004.087,85.03
1555329583.684,85.26
1555330163.993,84.85
1555330743.956,84.81
1555331323.867,84.8
1555331903.852,85.22
1555332483.832,85.12
1555333063.867,85.23
1555333644.776,84.96
1555334224.725,85.2
1555334804.666,84.92
1555335384.263,84.73
1555335964.104,85.08
1555336543.525,84.71
1555337123.506,84.87
1555337703.178,85.15
1555338283.312,84.99
1555338862.609,84.62
1555339442.736,84.77
1555340022.24,84.58
1555340602.309,85
1555341182.379,84.84
1555341762.377,84.86
1555342342.041,85.04
1555342922.03,84.64
1555343502.094,84.57
1555344081.561,84.86
1555344661.785,84.57
1555345241.458,84.6
1555345821.019,84.52
1555346400.7,84.48
1555346980.673,84.64
1555347560.555,84.5
1555348139.955,84.59
1555348720.019,85.16
1555349300.602,84.93
1555349879.908,84.92
1555350459.838,85
1555351039.253,85.03
1555351619.116,85.04
1555352198.942,85.13
1555352778.842,85.16
1555353358.413,85.2
1555353938.421,85.16
1555354518.497,85.29
1555355098.345,85.27
1555355678.576,85.18
1555356258.429,85.23
1555356838.652,85.31
1555357418.608,85.25
1555357998.452,85.3
1555358578.162,85.24
1555359157.805,85.27
1555359737.691,85.29
1555360317.575,85.29
1555360897.339,85.3
1555361477.641,85.28
1555362058.092,85.33
1555362637.527,85.36
1555363217.47,85.45
1555363797.384,85.4
1555364377.268,85.43
1555364957.457,85.43
1555365537.413,85.45
1555366117.252,85.38
1555366697.094,85.45
1555367277.037,85.54
1555367857.45,85.52
1555368437.686,85.53
1555369017.951,85.44
1555369597.734,85.53
1555370177.753,85.59
1555370756.979,85.54
1555371336.786,85.62
1555371916.775,85.6
1555372496.627,85.75
1555373076.526,85.84
1555373656.08,85.9
1555374015.828,86.33
1555374589.909,85.91
1555375169.945,85.38
1555375749.706,86.34
1555376329.638,86.47
1555376909.424,85.95
1555377489.582,85.81
1555378069.268,85.72
1555378648.986,85.79
1555379228.892,85.66
1555379808.471,85.56
1555380388.399,85.55
1555380968.427,85.53
1555381547.939,85.48
1555382127.755,85.5
1555382707.487,85.47
1555383287.644,85.46
1555383867.412,85.52
1555384447.501,85.49
1555385027.199,85.59
1555385607.291,85.66
1555386187.061,85.77
1555386766.829,85.64
1555387346.726,85.63
1555387926.726,85.73
1555388506.677,85.59
1555389086.931,85.57
1555389666.946,85.62
1555390247.231,85.65
1555390827.238,85.53
1555391407.038,85.51
1555391986.961,85.35
1555392566.667,85.27
1555393146.607,85.26
1555393726.758,85.26
1555394306.728,85.28
1555394886.842,85.39
1555395466.792,85.38
1555396046.646,85.27
1555396626.918,85.31
1555397206.66,85.01
1555397786.924,84.83
1555398366.573,84.86
1555398946.407,84.67
1555399526.053,84.54
1555400105.978,84.47
1555400685.426,84.42
1555401265.199,84.36
1555401845.304,84.31
1555402425.038,84.42
1555403005.013,84.33
1555403584.796,84.37
1555404164.449,84.39
1555404744.544,84.33
1555405324.618,84.35
1555405904.556,84.57
1555406484.411,84.48
1555407064.493,84.51
1555407644.794,84.52
1555408224.647,84.55
1555408804.689,84.46
1555409384.413,84.46
1555409963.993,84.56
1555410543.928,84.6
1555411124.013,84.5
1555411703.79,84.6
1555412284.013,84.5
1555412863.936,84.65
1555413444.002,84.73
1555414024.193,84.78
1555414603.968,85.05
1555415183.919,84.74
1555415763.797,84.96
1555416343.444,84.95
1555416923.556,85.01
1555417503.399,84.99
1555418083.276,85.04
1555418663.378,85.06
1555419243.278,85.05
1555419823.387,85.15
1555420403.374,85.2
1555420983.151,85.84
1555421563.032,86.25
1555422142.766,86.42
1555422722.62,86.46
1555423302.439,86.58
1555423882.212,86.57
1555424462.275,86.58
1555425042.159,86.52
1555425621.926,86.58
1555426201.711,86.58
1555426781.642,86.62
1555427361.831,86.36
1555427942.073,85.62
1555428522.146,85.06
1555429101.567,85.14
1555429681.481,84.86
1555430261.349,84.71
1555430841.192,84.85
1555431420.994,85.44
1555432000.864,85.68
1555432580.879,85.56
1555433161.038,85.85
1555433740.617,86.2
1555434320.711,86.09
1555434900.511,86.01
1555435480.405,86.17
1555436060.194,86.06
1555436640.149,85.82
1555437220.162,85.9
1555437800.113,85.95
1555438380.367,85.77
1555438960.678,85.83
1555439540.827,85.91
1555440120.909,85.86
1555440700.345,86.06
1555441280.392,85.97
1555441860.624,85.78
1555442440.698,85.92
1555443020.377,85.9
1555443600.011,85.78
1555444180.29,85.85
1555444760.112,85.94
1555445340.017,85.91
1555445920.441,85.94
1555446500.455,85.98
1555447080.771,85.84
1555447660.764,85.89
1555448240.724,85.77
1555448820.765,85.83
1555449400.623,85.89
1555449980.62,85.79
1555450560.303,85.79
1555451140.234,85.76
1555451720.166,85.76
1555452300.089,85.72
1555452880.162,85.82
1555453460.408,85.88
1555454040.442,85.85
1555454620.645,85.77
1555455200.829,85.7
1555455780.701,85.75
1555456360.41,86.13
1555456940.454,85.9
1555457520.475,85.75
1555458100.698,85.78
1555458680.758,85.86
1555459260.768,85.78
1555459840.947,85.71
1555460420.782,85.9
1555461000.768,85.68
1555461580.75,86.07
1555462160.929,85.57
1555462740.784,85.27
1555463321.027,85.58
1555463900.819,85.77
1555464481.096,85.83
1555465061.106,85.78
1555465641.011,85.69
1555466221.277,85.69
1555466801.134,85.81
1555467381.075,85.81
1555467960.683,85.61
1555468540.389,85.77
1555469120.178,85.71
1555469700.097,85.75
1555470279.811,85.88
1555470860.041,85.85
1555471439.849,85.86
1555472019.849,85.82
1555472600.21,85.78
1555473180.307,85.75
1555473760.473,85.68
1555474340.348,85.63
1555474920.666,85.64
1555475500.885,85.51
1555476084.883,85.43
1555476658.398,85.32
1555477238.482,85.24
1555477818.23,85.12
1555478398.269,85.06
1555478978.117,84.99
1555479558.251,84.88
1555480138.325,84.72
1555480718.666,84.58
1555481298.43,84.56
1555481878.436,84.43
1555482458.635,84.44
1555483038.681,84.31
1555483618.759,84.14
1555484198.934,84.06
1555484778.963,84.04
1555485359.147,83.88
1555485939.255,83.85
1555486519.15,83.79
1555487099.027,83.74
1555487679.663,83.7
1555488259.732,83.69
1555488839.854,83.61
1555489419.706,83.65
1555489999.679,83.58
1555490579.675,83.6
1555491159.7,83.51
1555491739.773,83.42
1555492319.901,76.14
1555492899.906,76.4
1555493480.193,79.42
1555494060.046,81.78
1555494639.879,82.93
1555495220.018,83.63
1555495800.082,84.19
1555496380.55,84.36
1555496960.038,74.48
1555497540.215,76.65
1555498120.273,78.32
1555498700.312,81.17
1555499280.445,82.58
1555499860.385,83.34
1555500441.217,83.87
1555501018.917,80.77
1555501598.602,78.15
1555502178.512,75.29
1555502758.071,73.45
1555503337.974,72.54
1555503917.593,67.94
1555504497.484,64.95
1555505077.405,65.42
1555505657.544,66.89
1555506236.975,66.48
1555506816.727,63.65
1555507396.768,60.84
1555507976.92,61.62
1555508556.844,63.72
1555509136.323,63.28
1555509715.989,61
1555510296.572,58.2
1555510876.494,59.46
1555511456.538,61.49
1555512036.338,61.11
1555512616.462,59.46
1555513196.688,56.16
1555513776.715,56.76
1555514356.775,58.42
1555514936.532,59.4
1555515516.362,58.5
1555516096.009,55.11
1555516676.217,55.31
1555517256.258,57.08
1555517836.058,57.86
1555518415.615,57.19
1555518995.933,54.12
1555519576.159,53.8
1555520155.949,55.49
1555520735.654,56.8
1555521315.41,56.27
1555521895.664,59.75
1555522475.948,61.97
1555523055.901,62.86
1555523635.982,64.88
1555524215.949,66.69
1555524795.829,67.79
1555525376.081,69.31
1555525956.35,70.24
1555526536.34,70.88
1555527116.452,72.04
1555527696.314,71.73
1555528276.515,72.11
1555528856.118,72.86
1555529435.927,73.44
1555530016.323,73.95
1555530596.602,74.4
1555531176.219,74.12
1555531756.517,75.48
1555532336.511,75.53
1555532916.988,75.96
1555533497.118,76.47
1555534077.354,76.54
1555534657.362,76.92
1555535237.311,77.02
1555535817.187,77.63
1555536397.522,77.87
1555536977.875,77.8
1555537557.913,77.94
1555538138.182,78.2
1555538717.816,77.58
1555539297.973,77.71
1555539878.071,77.8
1555540458.133,78.11
1555541038.14,78.01
1555541618.058,77.99
1555542198.171,78.15
1555542777.851,79.02
1555543358.095,78.94
1555543937.989,79.44
1555544518.167,78.79
1555545098.242,78.92
1555545678.786,78.69
1555546258.699,79.63
1555546838.617,80.01
1555547418.741,79.39
1555547998.843,79.43
1555548579.055,79.64
1555549158.944,79.67
1555562125.954,82.24
1555562691.145,73.35
1555563271.139,70.69
1555563851.358,71.17
1555564431.784,69.08
1555565012.234,65.33
1555565593.153,62.15
1555566173.854,63.31
1555566754.578,65.08
1555567335.033,64.44
1555567915.476,61.5
1555568495.685,58.93
1555569076.641,59.8
1555569657.132,61.51
1555570237.603,62.42
1555570817.866,59.38
1555571398.349,56.36
1555571979.223,56.71
1555572560.064,58.98
1555573140.359,60.4
1555573720.96,57.82
1555574301.722,54.48
1555574882.267,55.15
1555575462.588,57.9
1555576043.137,58.97
1555576623.521,56.88
1555577203.929,53.52
1555577784.042,53.53
1555578364.62,55.76
1555578944.834,58.03
1555579525.104,56.41
1555580105.743,53.18
1555580686.413,53.01
1555581266.921,54.82
1555581846.903,57.26
1555582427.16,55.97
1555583007.702,52.79
1555583588.007,52.22
1555584168.603,53.87
1555584749.112,56.62
1555585329.516,55.98
1555585910.175,52.54
1555586490.855,51.11
1555587071.693,52.7
1555587652.137,55.42
1555588232.109,55.56
1555588812.399,52.36
1555589393.049,50.47
1555589973.802,52.26
1555590553.999,56.05
1555591134.71,56.07
1555591714.985,52.57
1555592295.695,51.96
1555592876.672,52.89
1555593456.961,56.3
1555594037.488,59.58
1555594618.775,67.53
1555595199.93,67.28
1555595780.48,67.7
1555596361.016,69.01
1555596940.992,68.21
1555597521.548,68.75
1555598102.014,68.97
1555598682.887,69.45
1555599263.385,69.87
1555599843.839,70.24
1555600424.185,70.53
1555601004.743,70.85
1555601585.531,71.24
1555602165.983,71.76
1555602746.599,71.95
1555603327.1,72.22
1555603907.212,72.32
1555604487.8,72.64
1555605068.169,72.83
1555605648.977,73.07
1555606229.393,73.29
1555606809.686,73.67
1555607390.431,73.73
1555607971.133,73.97
1555608551.55,74.12
1555609132.274,74.49
1555609712.86,74.62
1555610293.917,74.89
1555610874.713,75.22
1555611455.295,75.53
1555612035.943,75.64
1555612616.647,75.71
1555613197.105,75.88
1555613777.427,76.21
1555614358.054,76.26
1555614938.658,76.48
1555615519.067,76.64
1555616099.502,76.83
1555616679.961,77.02
1555617260.657,77.11
1555617841.637,77.13
1555618421.851,77.58
1555619002.252,77.65
1555619583.25,78.01
1555620163.894,77.73
1555620744.505,77.85
1555621325.139,77.92
1555621905.627,77.95
1555622486.416,78.03
1555623067.032,78.15
1555623647.978,78.29
1555624228.484,78.18
1555624808.943,78.34
1555625389.982,78.43
1555625970.484,78.49
1555626550.92,78.53
1555627131.285,78.7
1555627711.717,78.73
1555628292.343,78.85
1555628873.036,78.92
1555629453.289,79.11
1555630034.147,79.03
1555630614.978,79.19
1555631195.566,79.29
1555631776.442,79.33
1555632357.142,79.36
1555632937.738,79.5
1555633518.344,79.57
1555634099.011,79.66
1555634679.893,79.66
1555635260.613,79.67
1555635841.661,79.76
1555636422.277,79.89
1555637002.569,79.92
1555637582.848,80.07
1555638163.733,79.93
1555638744.45,79.97
1555639325.256,80.09
1555639905.832,80.06
1555640486.117,80.14
1555641066.513,80.4
1555641646.751,80.56
1555642227.012,80.64
1555642807.866,80.7
1555643388.798,80.76
1555643969.198,80.81
1555644549.324,80.8
1555645129.726,81.04
1555645710.377,81.11
1555646291.062,81.11
1555646871.51,81.15
1555647452.275,81.01
1555648033.069,81.25
1555648613.506,81.38
1555649193.822,81.34
1555649774.449,81.32
1555650354.787,81.22
1555650935.344,81.5
1555651515.253,81.38
1555652095.493,81.34
1555652676.365,81.31
1555653256.862,81.36
1555653836.917,81.58
1555654417.618,81.51
1555654998.116,81.52
1555655579.046,81.58
1555656159.614,81.64
1555656740.015,81.69
1555657320.853,81.68
1555657901.483,81.81
1555658481.956,81.86
1555659062.386,81.86
1555659643.371,81.83
1555660223.74,81.96
1555660804.217,81.92
1555661384.992,82.07
1555661965.709,82.02
1555662546.289,82.12
1555663126.746,82.17
1555663707.141,82.34
1555664287.722,82.28
1555664868.271,82.29
1555665448.918,82.55
1555666029.153,82.28
1555666609.504,82.41
1555667189.756,82.48
1555667770.301,82.53
1555668350.71,82.58
1555668931.202,82.71
1555669511.507,82.63
1555670092.302,82.57
1555670672.555,82.68
1555671253.052,82.75
1555671833.809,82.81
1555672414.504,82.86
1555672995.398,82.83
1555673575.7,82.83
1555674156.272,82.86
1555674737.319,83.07
1555675317.556,83
1555675898.01,82.95
1555676478.851,83.04
1555677059.353,83.13
1555677639.266,83
1555678219.812,83.1
1555678800.651,83.21
1555679381.232,83.05
1555679961.472,83.13
1555680542.08,83.17
1555681122.847,83.09
1555681703.276,83.21
1555682284.015,83.27
1555682864.243,83.27
1555683445.873,83.18
1555684025.247,83.18
1555684603.377,83.39
1555685183.584,83.48
1555685764.52,83.47
1555686344.878,83.49
1555686925.645,83.36
1555687506.255,83.36
1555688086.801,83.51
1555688667.43,83.32
1555689248.566,83.25
1555689829.264,83.35
1555690409.343,83.53
1555690989.891,83.42
1555691570.202,83.35
1555692150.32,83.48
1555692730.849,83.64
1555693311.481,83.42
1555693891.992,83.48
1555694472.586,83.58
1555695053.302,83.6
1555695633.648,83.59
1555696214.48,83.58
1555696794.988,83.59
1555697375.465,83.62
1555697956.152,83.64
1555698536.621,83.68
1555699117.167,83.78
1555699697.62,83.77
1555700278.468,83.76
1555700859.082,83.88
1555701439.53,83.83
1555702020.059,83.9
1555702600.498,83.83
1555703181.341,83.79
1555703761.904,83.86
1555704341.672,83.91
1555704921.929,84.03
1555705502.684,84.1
1555706083.046,84.12
1555706663.715,83.99
1555707244.109,84.04
1555707824.801,84.13
1555708405.476,84.08
1555708985.622,84.2
1555709566.163,84.11
1555710146.968,84.24
1555710727.356,84.18
1555711307.672,84.2
1555711887.859,84.38
1555712468.421,84.28
1555713049.043,84.44
1555713629.506,84.31
1555714210.128,84.27
1555714790.844,84.39
1555715371.488,84.31
1555715951.935,84.35
1555716532.279,84.53
1555717112.498,84.44
1555717692.872,84.44
1555718273.13,84.42
1555718853.496,84.56
1555719433.843,84.52
1555720014.727,84.5
1555720595.633,84.59
1555721176.292,84.62
1555721756.944,84.91
1555722337.867,84.74
1555722918.847,84.93
1555723499.543,84.74
1555724079.947,84.92
1555724659.574,84.97
1555725240.595,84.92
1555725821.081,84.82
1555726401.518,84.84
1555726982.55,85.09
1555727563.351,85.09
1555728144.203,85.28
1555728724.431,85.41
1555729305.344,85.43
1555729885.944,85.63
1555730466.685,85.63
1555731047.173,85.56
1555731628.092,85.58
1555732210.258,85.44
1555732790.374,85.46
1555733370.949,85.38
1555733951.611,85.43
1555734531.9,85.36
1555735112.234,85.38
1555735692.904,85.57
1555736273.635,85.38
1555736854.293,85.46
1555737434.88,85.63
1555738015.112,85.51
1555738595.586,85.48
1555739176.487,85.67
1555739757.209,85.54
1555740337.817,85.54
1555740918.456,85.48
1555741499.465,85.5
1555742080.18,85.64
1555742660.97,85.63
1555743241.533,85.91
1555743822.344,86.24
1555744402.044,85.92
1555744982.77,85.76
1555745563.342,85.71
1555746143.931,85.7
1555746724.889,85.74
1555747305.686,85.7
1555747886.411,85.87
1555748466.743,85.68
1555749047.506,85.97
1555749628.059,85.66
1555750208.471,85.73
1555750789.183,85.67
1555751370.004,85.8
1555751950.426,85.7
1555752531.222,85.73
1555753111.856,85.82
1555753692.294,85.72
1555754273.09,85.78
1555754853.433,85.69
1555755433.925,85.83
1555756014.457,85.99
1555756595.448,85.83
1555757175.609,85.85
1555757756.172,85.87
1555758336.655,85.96
1555758917.29,86.16
1555759498.08,86.21
1555760078.994,86.14
1555760659.085,86.14
1555761240.088,86.17
1555761820.447,86.17
1555762400.72,86.41
1555762981.615,86.61
1555763561.879,86.59
1555764142.663,86.36
1555764723.305,86.33
1555765303.759,86.31
1555765884.01,86.3
1555766464.605,86.23
1555767044.515,86.32
1555767625.143,86.4
1555768205.815,86.26
1555768786.513,86.35
1555769367.1,86.35
1555769947.939,86.43
1555770528.693,86.33
1555771109.376,86.37
1555771690.089,86.34
1555772270.204,86.41
1555772850.672,86.36
1555773431.18,86.4
1555774011.86,86.4
1555774592.54,86.4
1555775172.85,86.53
1555775753.011,86.45
1555776333.945,86.37
1555776914.649,86.39
1555777494.98,86.41
1555778075.434,86.43
1555778656.139,86.39
1555779236.729,86.39
1555779817.348,86.41
1555780397.947,86.37
1555780978.182,86.39
1555781558.699,86.39
1555782139.114,86.43
1555782719.506,86.45
1555783299.806,86.39
1555783880.392,86.44
1555784461.275,86.49
1555785041.721,86.47
1555785622.056,86.57
1555786202.254,86.45
1555786782.757,86.49
1555787364.099,86.45
1555787941.761,86.54
1555788522.38,86.5
1555789103.006,86.57
1555789683.998,86.49
1555790264.726,86.68
1555790844.972,86.46
1555791425.38,86.49
1555792006.199,86.58
1555792586.991,86.74
1555793167.351,86.5
1555793748.195,86.48
1555794328.501,86.49
1555794909.402,86.5
1555795489.94,86.55
1555796070.628,86.58
1555796651.036,86.59
1555797232.217,86.61
1555797812.621,86.56
1555798393.026,86.75
1555798973.432,86.62
1555799554.053,86.64
1555800134.685,86.63
1555800715.459,86.73
1555801296.013,86.68
1555801876.666,86.78
1555802457.523,86.63
1555803038.155,86.59
1555803618.86,86.63
1555804199.091,86.67
1555804779.371,86.59
1555805360.087,86.63
1555805940.963,86.66
1555806521.336,86.7
1555807102.273,86.77
1555807682.604,86.67
1555808263.472,86.79
1555808844.055,86.7
1555809424.516,86.98
1555810005.003,86.7
1555810585.728,86.79
1555811166.445,86.83
1555811747.536,86.8
1555812328.161,86.77
1555812908.529,86.77
1555813488.929,86.74
1555814069.778,86.78
1555814650.317,86.78
1555815230.388,86.84
1555815811.177,86.78
1555816391.935,86.79
1555816972.541,86.84
1555817553.394,86.96
1555818134.352,86.99
1555818713.757,86.94
1555819294.086,86.9
1555819874.821,86.94
1555820455.242,86.9
1555821035.793,86.96
1555821616.456,86.93
1555822197.43,86.89
1555822778.149,86.93
1555823358.388,86.84
1555823938.766,86.75
1555824519.565,86.71
1555825100.017,86.82
1555825680.826,86.77
1555826261.266,86.8
1555826841.744,86.76
1555827422.376,86.76
1555828002.912,86.74
1555828583.91,86.74
1555829164.534,86.74
1555829745.023,86.77
1555830325.707,86.73
1555830906.537,86.75
1555831487.383,86.74
1555832068.239,86.73
1555832648.859,86.67
1555833229.437,87.21
1555833810.063,81.06
1555834390.41,76.35
1555834971.089,74.77
1555835551.834,74.82
1555836132.397,74.54
1555836712.716,72.1
1555837293.964,69.02
1555837873.962,69.56
1555838454.637,71.38
1555839035.157,70.4
1555839614.885,67.77
1555840195.715,64.86
1555840776.647,65.21
1555841357.531,66.87
1555841938.207,67.77
1555842518.622,65.49
1555843098.987,63.01
1555843680.128,62.93
1555844260.312,67.8
1555844840.723,72.46
1555845420.919,71.67
1555846001.413,71.02
1555846582.163,71.19
1555847162.302,72.77
1555847743.469,75.12
1555848323.454,76.26
1555848904.508,77.2
1555849485.687,78.21
1555850066.257,79.15
1555850646.806,79.61
1555851227.592,80.01
1555851808.304,80.98
1555852388.671,81.92
1555852969.463,81.68
1555853550.104,85.18
1555854131.147,85.14
1555854711.597,85.56
1555855292.978,84.3
1555855873.206,84.81
1555856453.997,84.96
1555857034.748,84.88
1555857615.415,84.91
1555858195.833,85.13
1555858776.379,85.25
1555859356.366,85.45
1555859936.951,85.27
1555860517.94,85.33
1555861098.761,85.85
1555861679.443,86.1
1555862260.289,86.08
1555862841.168,86.18
1555863421.65,86.07
1555864002.628,85.97
1555864583.376,85.86
1555865164.18,85.81
1555865744.529,86.3
1555866325.199,86.29
1555866905.733,86.19
1555867486.261,85.35
1555868067.38,85.29
1555868648.008,85.42
1555869228.496,85.51
1555869809.313,85.53
1555870389.883,85.61
1555870970.746,85.58
1555871551.348,85.56
1555872132.617,86.2
1555872713.402,86.29
1555873294.192,86.39
1555873874.462,86.42
1555874455.272,86.38
1555875036.273,86.58
1555875616.652,86.68
1555876197.278,86.85
1555876777.98,86.73
1555877359.368,86.8
1555877938.541,86.71
1555878519.342,86.65
1555879099.477,86.64
1555879680.318,86.93
1555880261.262,86.61
1555880842.125,86.98
1555881423.016,86.84
1555882003.564,86.81
1555882584.03,86.6
1555883164.582,87.01
1555883745.172,86.74
1555884325.578,86.8
1555884906.132,86.93
1555885487.035,86.76
1555886067.851,86.93
1555886648.449,86.94
1555887229.0,86.9
1555887809.745,86.94
1555888390.139,87.08
1555888970.86,87.04
1555889551.264,87.26
1555890132.206,86.78
1555890712.555,87.32
1555891293.576,87.04
1555891874.425,87.07
1555892454.971,87.05
1555893035.443,86.79
1555893615.887,87
1555894196.235,86.99
1555894777.276,86.99
1555895357.771,86.78
1555895938.776,86.86
1555896519.042,86.92
1555897099.853,87
1555897680.703,87
1555898261.682,87.03
1555898842.18,86.97
1555899422.665,86.98
1555900003.434,86.96
1555900584.091,86.85
1555901164.685,86.79
1555901745.193,86.86
1555902325.913,86.83
1555902906.866,87.05
1555903487.604,86.96
1555904068.011,87.16
1555904648.722,87.16
1555905229.488,87.55
1555905810.306,87.45
1555906390.964,87.37
1555906971.481,86.97
1555907559.301,87.09
1555907562.727,87.07
1555908133.036,86.86
1555908714.368,86.68
1555909293.624,86.84
1555909873.806,86.61
1555910454.603,86.53
1555911035.158,86.34
1555911615.662,86.33
1555912196.472,85.85
1555912777.583,85.83
1555913358.158,85.87
1555913939.183,85.82
1555914520.098,85.91
1555915100.966,85.54
1555915682.034,85.58
1555916262.757,85.6
1555916843.324,85.3
1555917424.42,85.4
1555918004.253,85.28
1555918585.216,85.21
1555919166.177,85.11
1555919747.06,85.08
1555920327.68,84.95
1555920908.846,85.19
1555921489.424,85.11
1555922070.084,85.27
1555922650.654,84.94
1555923231.211,85.07
1555923811.711,84.83
1555924392.535,84.79
1555924973.73,84.88
1555925553.908,84.8
1555926134.135,84.81
1555926714.377,81.25
1555927294.304,78.67
1555927873.915,74.98
1555928454.025,71.19
1555929034.138,68.41
1555929614.165,69.19
1555930194.155,70.46
1555930774.203,69.5
1555931354.441,65.59
1555931934.424,63.34
1555932514.644,70.3
1555933095.237,70.17
1555933675.274,69.38
1555934255.383,65.71
1555934835.817,67.16
1555935415.63,65.97
1555935995.795,65.04
1555936575.88,64.38
1555937156.139,66.32
1555937735.995,65.11
1555938316.198,64.37
1555938896.307,65.94
1555939476.778,66.48
1555940056.618,64.98
1555940636.731,64.07
1555941221.963,65.99
1555941795.489,65.64
1555942375.466,64.69
1555942956.09,65.84
1555943536.172,65.79
1555944115.828,64.45
1555944696.116,66.13
1555945277.575,65.39
1555945853.864,64.58
1555946433.968,66.16
1555947013.962,66.78
1555947594.105,67.65
1555948173.749,67.13
1555948753.96,66.74
1555949334.498,72.35
1555949914.714,68.97
1555950495.076,68.52
1555951075.206,67.92
1555951655.647,67.68
1555952235.805,69.77
1555952815.789,71.11
1555953395.595,72.43
1555953976.112,73.42
1555954556.143,74.27
1555955136.186,74.99
1555955716.392,75.45
1555956296.718,76.07
1555956877.263,76.43
1555957457.593,77.27
1555958037.672,77.44
1555958617.458,77.69
1555959197.945,78.13
1555959778.487,78.6
1555960358.61,79.26
1555960938.834,78.96
1555961519.258,79.06
1555962099.419,79.18
1555962679.654,79.79
1555963260.069,79.35
1555963840.123,79.58
1555964420.325,80.23
1555965000.178,79.93
1555965580.176,80.27
1555966160.357,80.51
1555966740.334,80.63
1555967320.743,80.68
1555967900.862,81.1
1555968481.279,81.08
1555969061.299,81.4
1555969641.28,81.54
1555970221.572,81.75
1555970801.657,81.71
1555971381.536,81.69
1555971961.78,81.84
1555972542.185,81.85
1555973122.006,82
1555973702.274,82.2
1555974282.666,82.54
1555974862.969,82.35
1555975443.176,82.92
1555976023.4,82.75
1555976603.998,82.96
1555977184.231,82.6
1555977764.329,82.8
1555978344.609,83.19
1555978924.725,83.19
1555979504.992,83.35
1555980084.996,84.07
1555980665.38,84.8
1555981245.66,84.67
1555981825.727,83.72
1555982406.211,83.87
1555982986.461,83.93
1555983566.646,83.9
1555984146.675,83.92
1555984726.822,83.83
1555985307.503,83.75
1555985887.566,83.77
1555986468.12,83.76
1555987048.388,83.58
1555987628.531,83.46
1555988208.781,83.24
1555988789.043,83.29
1555989370.381,83.2
1555989950.954,83.18
1555990531.278,82.88
1555991111.41,83.08
1555991691.517,83.01
1555992271.937,82.89
1555992852.13,82.54
1555993432.776,82.54
1555994013.319,82.33
1555994593.75,81.92
1555995174.331,81.91
1555995754.758,81.69
1555996335.381,81.58
1555996915.612,81.39
1555997495.976,81.35
1555998076.825,81.23
1555998654.838,81.22
1555999235.499,80.99
1555999815.869,81
1556000396.054,81
1556000976.462,80.77
1556001556.931,80.73
1556002137.539,80.83
1556002718.179,80.96
1556003298.649,80.98
1556003878.903,80.96
1556004459.019,81.01
1556005039.782,80.93
1556005620.471,80.92
1556006201.006,80.88
1556006781.098,80.85
1556007361.639,80.89
1556007942.131,80.87
1556008522.463,80.81
1556009102.951,81.04
1556009683.337,80.82
1556010265.419,80.94
1556010841.956,80.86
1556011422.425,81.07
1556012002.897,80.86
1556012583.111,80.77
1556013163.849,80.8
1556013743.918,81.09
1556014323.745,73.9
1556014904.207,70.07
1556015484.507,69.25
1556016064.366,68.62
1556016644.328,66.9
1556017224.769,63.66
1556017805.232,62.3
1556018385.558,62.96
1556018965.423,64.27
1556019545.5,62.75
1556020125.765,59.77
1556020706.313,58.14
1556021286.88,59.17
1556021868.061,61.99
1556022445.694,61.04
1556023025.884,61.84
1556023606.921,64.18
1556024187.143,68.41
1556024767.888,70.59
1556025348.497,71.97
1556025928.962,72.3
1556026509.369,74.22
1556026975.86,76.76
1556026984.693,77.9
1556027556.002,64.52
1556028135.092,58.36
1556028715.189,53.99
1556029295.062,50.65
1556029874.758,48.28
1556030454.912,46.9
1556031034.996,45.77
1556031614.834,44.83
1556032195.041,44.18
1556032775.148,43.45
1556033355.346,42.83
1556033935.486,42.42
1556034515.773,41.94
1556035095.553,41.47
1556035675.629,41.04
1556036255.355,41.9
1556036836.452,45.97
1556037417.264,49.51
1556037997.381,53.67
1556038578.011,55.68
1556039158.359,59.42
1556039738.651,61.77
1556040319.149,63.11
1556040899.332,64.28
1556041479.652,65.42
1556042060.451,66.85
1556042640.428,67.56
1556043220.65,68.13
1556043801.041,69.42
1556044381.282,69.86
1556044961.715,70.39
1556045542.065,70.4
1556046122.386,71.28
1556046702.851,71.38
1556047283.053,71.34
1556047863.382,72.14
1556048443.762,72.52
1556049024.254,72.86
1556049604.574,73.28
1556050184.688,73.55
1556050765.022,73.77
1556051345.416,74.14
1556051925.813,74.4
1556052505.958,74.64
1556053086.171,74.68
1556053666.551,75.04
1556054246.925,75.15
1556054827.378,75.42
1556055407.776,75.47
1556055988.073,75.58
1556056568.27,76.07
1556057148.572,76.36
1556057728.875,75.84
1556058309.1,76.24
1556058889.334,76.59
1556059469.685,76.94
1556060050.125,76.97
1556060630.692,76.95
1556061211.277,77.1
1556061791.579,77.52
1556062371.28,76.95
1556062951.053,64.38
1556063530.691,64.79
1556064111.443,67.28
1556064691.966,69.2
1556065272.434,71.11
1556065853.112,71.64
1556066433.448,72.83
1556067013.656,73.75
1556067594.09,75.06
1556068174.208,74.54
1556068754.756,74.83
1556069334.973,75.67
1556069915.471,75.87
1556070495.817,76.13
1556071076.031,76.17
1556071656.399,76.46
1556072236.619,76.41
1556072817.001,76.47
1556073397.268,76.47
1556073977.485,76.47
1556074558.379,76.41
1556075138.351,76.39
1556075718.422,76.27
1556076299.068,76.21
1556076879.782,76.11
1556077460.162,75.96
1556078040.673,75.85
1556078621.155,75.81
1556079201.424,75.91
1556079781.802,76.26
1556080362.269,75.79
1556080942.785,76.31
1556081523.249,76.2
1556082103.561,75.79
1556082683.761,75.83
1556083263.936,76.08
1556083847.121,75.92
1556084422.105,75.81
1556085002.319,75.96
1556085583.197,76.33
1556086163.279,76.11
1556086743.839,76.52
1556087324.234,76.76
1556087904.788,76.75
1556088485.166,76.65
1556089065.959,76.81
1556089646.048,76.77
1556090226.8,77.01
1556090807.416,77.12
1556091387.892,77.22
1556091968.229,77.08
1556092548.425,77.02
1556093128.819,77.32
1556093709.48,77.16
1556094289.95,77.31
1556094870.377,77.42
1556095450.57,77.24
1556096031.341,76.57
1556096611.13,65.13
1556097190.8,59.19
1556097770.085,55.34
1556098349.836,52.81
1556098929.651,50.78
1556099509.398,48.83
1556100089.304,47.66
1556100669.023,46.35
1556101249.708,45.18
1556101829.343,44.29
1556102409.559,43.67
1556102989.76,43.06
1556103569.902,42.3
1556104150.264,41.73
1556104730.355,41.28
1556105310.436,40.95
1556105890.645,40.62
1556106470.884,41.56
1556107051.053,42.11
1556107630.79,44.33
1556108210.994,42.47
1556108792.066,46.67
1556109369.739,45.34
1556109949.495,42.25
1556110529.66,40.31
1556111109.821,39.3
1556111689.898,38.71
1556112270.134,38.14
1556112850.373,37.58
1556113430.273,37.25
1556114010.542,36.99
1556114590.709,36.59
1556115170.77,36.48
1556115750.803,36.02
1556116330.457,36.02
1556116912.025,35.83
1556117492.228,35.52
1556118072.805,35.47
1556118652.839,35.28
1556119233.057,35
1556119813.192,35.17
1556120393.389,34.88
1556120973.645,34.69
1556121554.001,34.54
1556122134.371,34.33
1556122714.251,34.42
1556123295.032,34.9
1556123874.216,34.88
1556124454.797,35.59
1556125035.814,41.01
1556125616.309,44.5
1556126196.731,47.66
1556126776.97,49.48
1556127357.249,49.81
1556127937.853,50.78
1556128517.922,51.99
1556129098.226,52.77
1556129678.388,54.62
1556130258.416,54.19
1556130838.843,52.34
1556131419.205,52.66
1556131999.55,53.28
1556132579.949,54.96
1556133160.285,56.27
1556133740.957,57.07
1556134321.395,55.39
1556134901.881,54.71
1556135482.215,56.11
1556136062.396,57.23
1556136642.555,56.45
1556137222.754,57.98
1556137802.3,55.57
1556138382.324,55.22
1556138962.506,55.93
1556139542.865,55.97
1556140122.935,56.42
1556140703.405,56.63
1556141284.092,56.77
1556141864.404,56.99
1556142444.589,57.26
1556143024.325,59.89
1556143604.536,61.55
1556144184.394,61.94
1556144764.195,61.43
1556145344.478,61.34
1556145924.427,60.47
1556146504.518,59.45
1556147085.098,59.34
1556147665.578,62.04
1556148246.04,63.38
1556148826.485,62.9
1556149406.719,57.53
1556149986.906,57.61
1556150567.346,55.85
1556151147.913,54.9
1556151728.171,54.84
1556152308.319,52.98
1556152478.294,53.21
1556153052.015,54.92
1556153632.068,55.26
1556154211.919,58.37
1556154792.604,60.77
1556155372.873,61.75
1556155953.367,62.67
1556156533.722,64
1556157114.123,64.72
1556157694.372,65.08
1556158275.103,65.56
1556158855.335,65.97
1556159435.624,66.1
1556160016.178,66.79
1556160596.558,66.88
1556161176.907,66.87
1556161757.47,67.17
1556162337.904,67.02
1556162918.333,67.12
1556163499.014,67.24
1556164079.682,67.36
1556164660.164,67.34
1556165240.538,67.38
1556165821.373,67.45
1556166401.837,67.37
1556166982.193,67.49
1556167562.341,67.51
1556168142.996,67.75
1556168723.105,67.64
1556169303.452,67.9
1556169883.754,67.97
1556170464.286,68.23
1556171044.673,68.48
1556171625.278,68.58
1556172206.004,68.74
1556172786.562,68.79
1556173366.941,69.02
1556173947.519,68.88
1556174527.775,69.05
1556175108.379,69.09
1556175689.372,69.07
1556176270.161,69.37
1556176850.704,69.38
1556177431.27,69.56
1556178011.774,69.67
1556178592.115,69.54
1556179172.521,69.99
1556179753.104,69.75
1556180333.42,70.1
1556180914.093,70.14
1556181494.452,70.2
1556182075.117,70.01
1556182654.609,58.54
1556183234.188,52.26
1556183813.715,48.08
1556184394.13,45.15
1556184974.327,43.07
1556185554.366,41.62
1556186134.723,40.28
1556186714.991,39.26
1556187295.298,38.35
1556187875.073,37.71
1556188455.309,37.13
1556189034.994,36.55
1556189614.91,36.08
1556190195.13,35.68
1556190775.144,35.4
1556191355.008,35.11
1556191935.23,34.91
1556192023.809,40.64
1556192598.422,36.35
1556193178.924,35.33
1556193759.038,34.98
1556194339.111,36.07
1556194919.708,35.62
1556195500.004,34.84
1556196080.065,34.46
1556196659.985,34.16
1556197240.243,33.98
1556197820.415,33.93
1556198400.486,33.44
1556198980.637,33.26
1556199560.327,33.09
1556200140.459,33.19
1556200720.964,32.9
1556201301.287,32.87
1556201880.976,32.85
1556202461.335,32.75
1556203041.381,32.69
1556203621.551,32.38
1556204201.544,32.42
1556204781.511,32.29
1556205361.695,32.25
1556205942.532,32.23
1556206521.565,32.14
1556207101.625,32.05
1556207680.852,32.79
1556208261.252,33.43
1556208841.857,33.13
1556209422.097,32.91
1556210002.101,32.36
1556210582.451,32.28
1556211163.141,31.94
1556211743.328,32.09
1556212323.599,32.33
1556212904.084,33.01
1556213484.633,38.52
1556214065.279,41.45
1556214645.278,42.63
1556215225.739,42.19
1556215805.993,44.15
1556216386.382,43.32
1556216966.463,45.82
1556217546.878,44.55
1556218127.585,44.9
1556218707.944,47.12
1556219288.285,44.93
1556219868.356,46.57
1556220448.356,46.33
1556221029.062,45.44
1556221609.513,48.02
1556222189.299,46.85
1556222769.879,47.98
1556223350.231,47.36
1556223930.608,48.3
1556224511.144,47.22
1556225091.625,47.98
1556225671.804,50.3
1556226251.725,47.61
1556226831.975,49.32
1556227412.219,51.35
1556227992.701,48.99
1556228572.865,49.77
1556229153.354,52.08
1556229733.492,49.67
1556230313.696,50.02
1556230893.901,51.95
1556231473.996,49.66
1556232054.123,50.3
1556232634.362,52.2
1556233214.619,54.07
1556233794.656,53.65
1556234374.962,51.74
1556234955.144,52.41
1556235535.418,54
1556236115.602,53.64
1556236695.763,51.47
1556237276.477,52.94
1556237856.794,50.22
1556238436.902,51.95
1556239017.012,53.19
1556239597.371,49.28
1556240177.683,51.82
1556240758.221,51.66
1556241338.759,53.94
1556241919.027,54.83
1556242499.497,56.02
1556243080.133,56.91
1556243660.249,57.61
1556244240.423,58.41
1556244820.841,58.9
1556245401.321,59.42
1556245981.56,60.13
1556246562.085,60.47
1556247142.841,60.71
1556247723.247,61.28
1556248303.666,61.43
1556248884.409,61.88
1556249465.157,62.29
1556250045.34,62.34
1556250625.749,63.05
1556251206.036,64.08
1556251786.877,65.01
1556252367.408,65.21
1556252947.735,66.13
1556253527.901,66.13
1556254108.066,66.23
1556254688.381,66.68
1556255268.646,66.5
1556255848.953,67.06
1556256429.074,67.07
1556257009.074,67.17
1556257589.252,67.27
1556258169.649,67.36
1556258750.016,67.63
1556259330.561,67.61
1556259910.876,67.69
1556260491.488,67.91
1556261072.164,67.86
1556261652.409,67.82
1556262232.774,67.81
1556262812.992,67.9
1556263393.485,67.88
1556263974.219,67.92
1556264554.356,67.91
1556265134.964,67.97
1556265714.611,67.97
1556266295.361,67.99
1556266875.516,68.07
1556267455.873,68.05
1556268035.929,68.08
1556268616.204,68.29
1556269196.863,68.45
1556269777.025,59.74
1556270356.517,51.26
1556270936.313,46.67
1556271516.014,43.56
1556272095.866,41.62
1556272675.962,39.79
1556273256.146,38.61
1556273836.447,37.68
1556274416.517,36.85
1556274996.796,36.21
1556275576.982,35.84
1556276157.16,34.93
1556276737.727,34.6
1556277317.309,34.18
1556277897.674,33.96
1556278476.917,33.55
1556279057.053,33.41
1556279637.317,33.2
1556280217.816,32.99
1556280797.734,32.78
1556281378.171,34.51
1556281958.463,34.15
1556282538.699,33.31
1556283119.237,32.8
1556283699.257,32.54
1556284279.435,32.92
1556284859.592,32.43
1556285439.919,32.4
1556286019.7,32.07
1556286599.802,31.88
1556287180.145,31.85
1556287760.415,31.9
1556288340.69,31.89
1556288921.005,32.01
1556289500.984,31.67
1556290081.258,31.64
1556290661.385,31.7
1556291241.655,31.55
1556291821.345,31.49
1556292401.076,31.6
1556292981.066,32.25
1556293560.852,32.57
1556294141.04,32.09
1556294721.241,31.84
1556295301.385,30.78
1556295881.289,30.97
1556296461.444,30.61
1556297041.831,30.88
1556297622.173,42.34
1556298202.848,48.83
1556298782.915,47.79
1556299363.572,53.37
1556299943.681,52.47
1556300523.734,56.19
1556301104.296,55.48
1556301684.212,53.87
1556302264.333,57.57
1556302844.632,54.26
1556303424.635,59.44
1556304004.994,56.31
1556304585.235,60.8
1556305165.036,58.69
1556305745.476,61.99
1556306325.774,59.54
1556306905.954,62.82
1556307485.871,60.69
1556308066.114,63.74
1556308646.382,60.22
1556309226.939,64.23
1556309807.247,60.34
1556310387.431,64.2
1556310968.063,65.62
1556311548.552,63.16
1556312128.829,66.06
1556312709.105,62.17
1556313289.111,65.5
1556313869.274,67.04
1556314449.459,62.8
1556315029.765,66.4
1556315610.145,68
1556316190.265,68.29
1556316770.689,65.82
1556317350.684,68.29
1556317930.922,69.06
1556318511.296,64.46
1556319091.501,68.22
1556319671.37,69.58
1556320251.912,69.82
1556320832.045,65.85
1556321411.505,69.11
1556321991.602,68.21
1556322571.804,66.5
1556323151.745,66.76
1556323731.885,66.1
1556324312.271,64.72
1556324892.917,62.78
1556325473.534,62.74
1556326053.81,65.63
1556326633.935,65.4
1556327214.271,64.03
1556327794.523,63.16
1556328374.526,62.6
1556328954.856,63.23
1556329534.657,63.41
1556330115.239,65.84
1556330695.819,66.79
1556331275.905,67.26
1556331855.763,67.47
1556332436.172,67.79
1556333016.409,68.5
1556333596.67,68.55
1556334177.087,68.76
1556334757.602,69.05
1556335337.511,69.12
1556335917.78,69.5
1556336497.957,69.54
1556337077.811,69.66
1556337658.131,69.9
1556338238.282,70.06
1556338818.564,70.13
1556339398.929,70.44
1556339979.413,70.62
1556340559.68,70.79
1556341139.939,70.84
1556341720.575,70.86
1556342300.741,71.11
1556342880.928,71.34
1556343460.809,71.43
1556344040.817,71.88
1556344621.329,72.19
1556345201.456,72.38
1556345781.578,72.49
1556346361.76,72.89
1556346941.941,73.18
1556347522.207,73.01
1556348102.414,73.27
1556348682.563,73.2
1556349262.676,73.33
1556349842.796,73.31
1556350422.856,73.47
1556351002.91,73.76
1556351583.053,73.59
1556352163.172,73.69
1556352743.411,74.06
1556353323.598,73.92
1556353903.845,73.82
1556354484.076,74.04
1556355064.443,74.1
1556355643.983,61.21
1556356223.476,62.59
1556356803.403,61.75
1556357383.437,60
1556357963.267,59.63
1556358543.396,61.3
1556359123.24,61.57
1556359703.713,61.93
1556360283.81,61.67
1556360864.162,61.47
1556361443.9,61.02
1556362023.844,60.38
1556362603.76,61.76
1556363184.031,64.28
1556363763.94,65.98
1556364344.305,64.76
1556364924.248,63.57
1556365504.536,61.45
1556366084.503,65.54
1556366664.209,66.57
1556367244.1,64.97
1556367824.038,66.22
1556368404.139,67.33
1556368984.13,64.8
1556369564.004,68.89
1556370143.73,67.56
1556370723.151,54.8
1556371302.591,49.14
1556371882.296,45.87
1556372462.764,50.86
1556373042.437,50.65
1556373622.579,47.54
1556374202.674,52.2
1556374782.706,52.2
1556375362.867,47.95
1556375943.176,51.9
1556376523.016,52.97
1556377103.391,48.96
1556377683.935,53.58
1556378263.247,53.53
1556378843.513,52.44
1556379423.242,57.84
1556380003.456,62.4
1556380583.826,65
1556381164.005,66.63
1556381744.057,64.32
1556382324.065,67.2
1556382904.399,63.61
1556383484.506,67.96
1556384064.484,69.55
1556384644.643,70.58
1556385224.965,71.23
1556385805.359,71.53
1556386385.93,71.93
1556386965.962,72.27
1556387546.427,72.83
1556388126.661,73
1556388706.334,73.16
1556389286.114,73.69
1556389866.136,73.8
1556390446.498,73.95
1556391026.405,74.4
1556391606.459,74.49
1556392186.792,74.55
1556392766.708,74.63
1556393346.423,74.88
1556393926.575,75.4
1556394506.738,75.34
1556395086.943,75.71
1556395667.126,75.88
1556396247.134,76.09
1556396827.311,76.13
1556397407.431,76.11
1556397987.254,76.5
1556398567.343,76.47
1556399147.792,76.7
1556399727.9,76.46
1556400308.022,76.48
1556400888.203,76.71
1556401468.671,76.98
1556402048.853,77.05
1556402629.163,77.21
1556403209.471,77.18
1556403789.475,77.39
1556404369.859,77.29
1556404949.662,77.68
1556405529.577,77.57
1556406109.484,77.79
1556406689.567,77.83
1556407269.486,77.98
1556407849.667,77.95
1556408430.122,78.08
1556409010.075,78
1556409589.975,78
1556410170.18,78.33
1556410750.808,78.57
1556411331.301,78.3
1556411911.507,78.45
1556412491.831,78.38
1556413072.139,78.24
1556413652.381,78.73
1556414232.502,78.62
1556414812.697,78.93
1556415392.976,78.54
1556415973.47,78.5
1556416553.544,78.51
1556417133.367,78.99
1556417713.546,78.68
1556418293.887,78.75
1556418874.372,78.54
1556419454.861,78.68
1556420035.261,78.78
1556420615.436,78.54
1556421195.45,78.54
1556421775.557,78.62
1556422355.453,78.7
1556422935.79,78.8
1556423515.862,78.72
1556424095.921,78.69
1556424676.264,78.79
1556425256.321,78.63
1556425836.713,78.58
1556426416.978,78.89
1556426997.099,78.74
1556427577.087,78.52
1556428157.323,78.58
1556428737.802,78.5
1556429318.815,78.66
1556429897.673,78.63
1556430478.268,78.79
1556431058.516,78.72
1556431638.624,78.79
1556432219.271,78.82
1556432799.687,78.68
1556433379.66,78.65
1556433960.172,78.69
1556434539.828,78.9
1556435120.21,78.46
1556435700.367,78.43
1556436280.244,78.76
1556436860.428,78.56
1556437440.702,78.44
1556438021.249,78.44
1556438601.828,78.43
1556439181.968,78.42
1556439762.989,78.31
1556440341.718,68.83
1556440921.274,59.93
1556441500.947,58.82
1556442081.213,61.98
1556442661.312,54.59
1556443241.161,63.51
1556443821.516,54.81
1556444401.103,64.36
1556444981.514,53.7
1556445561.577,60.35
1556446141.993,54.93
1556446722.036,61.55
1556447301.957,55.2
1556447882.401,63.46
1556448460.974,53.26
1556449041.331,62.76
1556449621.259,53.78
1556450201.008,62.64
1556450781.307,56.53
1556451361.93,62.47
1556451941.887,57.81
1556452522.422,58.14
1556453102.279,60.01
1556453682.779,55.95
1556454262.62,48.5
1556454842.192,46.39
1556455422.016,43.67
1556456001.766,41.99
1556456581.676,40.65
1556457161.45,39.79
1556457741.539,39.13
1556458319.801,39.04
1556458899.677,38.4
1556459479.494,47.73
1556460059.726,51.01
1556460639.985,50.32
1556461219.94,51.87
1556461800.37,50.34
1556462380.54,52.56
1556462958.978,52.08
1556463538.917,52.61
1556464118.584,54.08
1556464698.587,51.22
1556465278.853,53.17
1556465858.839,52.94
1556466439.267,51.38
1556467019.144,54.25
1556467599.287,52.46
1556468177.18,53.78
1556468757.431,52.1
1556469337.788,55.57
1556469918.041,61.91
1556470497.629,65.13
1556471077.627,67.16
1556471657.334,68.28
1556472237.618,69.07
1556472817.99,69.75
1556473398.234,70.11
1556473978.319,70.03
1556474558.616,70.58
1556475138.541,70.48
1556475718.721,70.8
1556476298.753,71.17
1556476879.736,71.81
1556477458.969,71.69
1556478040.015,71.84
1556478619.219,72.24
1556479199.181,72.72
1556479779.238,73.08
1556480359.416,73.26
1556480939.456,73.08
1556481519.455,73.4
1556482099.839,73.8
1556482680.046,73.76
1556483259.694,74.03
1556483839.942,74.18
1556484420.633,74.31
1556485000.705,74.51
1556485580.733,74.95
1556486160.907,74.91
1556486741.286,75.09
1556487321.498,74.75
1556487901.835,75.14
1556488480.961,75.27
1556489061.08,75.48
1556489641.154,75.66
1556490221.55,75.79
1556490800.95,76.04
1556491381.275,75.89
1556491961.264,76.1
1556492541.148,76.02
1556493121.495,76.36
1556493701.437,76.81
1556494281.409,76.63
1556494861.52,77.07
1556495441.678,77.05
1556496021.798,77.08
1556496601.995,77.29
1556497182.507,77.16
1556497762.536,77.21
1556498342.663,77.86
1556498922.989,78.01
1556499503.153,78.4
1556500083.372,78.02
1556500663.427,77.69
1556501243.497,77.91
1556501823.324,77.74
1556502403.289,78.45
1556502983.688,77.92
1556503563.624,77.69
1556504143.502,77.53
1556504723.76,77.46
1556505304.155,77.56
1556505884.389,77.45
1556506464.361,77.65
1556507044.756,77.53
1556507624.651,77.67
1556508204.839,77.89
1556508785.032,78.2
1556509365.699,78.05
1556509945.692,78.37
1556510526.345,77.99
1556511106.898,78.08
1556511687.804,78.26
1556512268.387,78.18
1556512848.96,78.2
1556513428.929,78.16
1556514009.356,78.06
1556514589.486,78.1
1556515169.962,78.14
1556515749.827,78.12
1556516330.3,78.03
1556516910.539,78.01
1556517490.927,77.93
1556518071.266,77.9
1556518651.894,77.7
1556519232.371,77.72
1556519812.633,77.75
1556520393.34,77.49
1556520973.727,77.73
1556521554.219,77.52
1556522134.047,77.8
1556522714.205,77.75
1556523294.655,77.64
1556523875.29,77.7
1556524456.098,77.71
1556525036.62,77.87
1556525616.865,77.71
1556526197.213,77.55
1556526777.222,77.58
1556527357.702,77.72
1556527938.365,77.39
1556528518.478,67.13
1556529097.929,58.38
1556529686.868,53.56
1556530257.766,50.15
1556530837.55,48.03
1556531417.692,45.89
1556531997.78,44.16
1556532577.884,43
1556533157.5,41.74
1556533737.59,40.96
1556534318.022,40.29
1556534898.617,39.78
1556535476.721,39.05
1556536056.863,38.6
1556536636.875,38.21
1556537216.897,37.74
1556537797.295,37.44
1556538376.968,37.11
1556538956.91,39.75
1556539537.313,37.75
1556540117.513,37.27
1556540697.367,36.9
1556541277.95,37.39
1556541858.616,37.33
1556542437.48,36.78
1556543017.856,36.43
1556543598.28,36.08
1556544178.712,35.79
1556544759.061,35.67
1556545339.417,35.52
1556545919.47,36.35
1556546499.38,36.23
1556547079.431,35.64
1556547659.779,35.79
1556548239.52,35
1556548819.454,34.61
1556549399.358,34.62
1556549979.952,34.15
1556550560.048,33.69
1556551140.332,33.85
1556551720.356,33.54
1556552300.535,33.47
1556552880.314,33.38
1556553460.555,33.43
1556554040.876,33.17
1556554620.911,32.79
1556555201.526,35.95
1556555781.457,34.61
1556556361.145,33.84
1556556941.584,36.57
1556557522.109,47.09
1556558102.62,52.02
1556558683.198,54.11
1556559263.265,54.69
1556559843.535,56.1
1556560423.905,57.75
1556561004.257,59.4
1556561584.768,60.1
1556562164.613,60.51
1556562744.687,61.38
1556563324.934,62.51
1556563905.021,62.18
1556564485.221,63.39
1556565065.419,63.17
1556565645.905,64.24
1556566226.242,64.2
1556566806.143,64.41
1556567386.557,65.33
1556567966.74,65.34
1556568547.057,65.21
1556569127.393,65.79
1556569707.836,66.23
1556570288.218,65.91
1556570868.533,66.94
1556571448.174,66.97
1556572028.701,67.42
1556572609.013,67.27
1556573189.208,67.54
1556573769.611,67.77
1556574350.017,67.79
1556574930.435,68.11
1556575510.449,68.24
1556576090.964,68.46
1556576671.231,68.75
1556577251.465,69.06
1556577831.759,69.11
1556578411.84,69.64
1556578992.41,69.52
1556579572.694,69.92
1556580152.614,70.05
1556580732.902,70.52
1556581313.316,70.52
1556581894.529,70.86
1556582472.362,71.2
1556583052.803,71.38
1556583632.242,69.01
1556584212.514,72.79
1556584792.739,72.49
1556585372.979,71.79
1556585953.207,72.1
1556586533.636,71.87
1556587113.544,72.3
1556587693.545,72.95
1556588273.428,73.32
1556588853.742,73.33
1556589434.411,73.45
1556590014.431,73.38
1556590594.366,73.56
1556591174.93,73.48
1556591754.414,73.66
1556592334.616,73.62
1556592914.819,73.81
1556593495.205,74.1
1556594075.418,74.07
1556594656.035,74.19
1556595236.076,74.24
1556595816.147,74.41
1556596396.574,74.21
1556596976.706,74.29
1556597556.819,74.43
1556598136.993,74.49
1556598717.014,74.71
1556599297.084,74.74
1556599877.147,74.82
1556600457.323,75.13
1556601037.155,74.94
1556601617.612,74.98
1556602197.823,75.14
1556602778.132,75.03
1556603358.388,75.06
1556603938.69,74.92
1556604519.134,75.08
1556605099.393,74.89
1556605679.547,74.9
1556606260.275,74.92
1556606840.474,74.81
1556607420.896,74.73
1556608001.474,74.6
1556608581.65,74.66
1556609161.801,74.66
1556609742.21,74.7
1556610322.503,74.71
1556610902.731,74.74
1556611483.247,74.78
1556612063.857,74.87
1556612643.835,74.93
1556613224.406,74.99
1556613804.523,75.02
1556614385.701,75.05
1556614963.964,75.19
1556615544.262,75.21
1556616124.398,75.26
1556616704.476,75.42
1556617284.81,75.49
1556617864.695,68.57
1556618444.228,57.86
1556619023.847,52.28
1556619603.551,48.61
1556620183.525,46.49
1556620763.328,44.46
1556621342.908,43.07
1556621923.186,41.65
1556622503.555,40.73
1556623083.673,39.92
1556623663.894,39.21
1556624244.157,38.58
1556624824.586,47.58
1556625404.728,41.08
1556625985.03,40.16
1556626564.931,38.57
1556627144.979,37.67
1556627725.251,37.36
1556628305.195,37.81
1556628885.469,37.9
1556629465.93,37.17
1556630045.993,36.76
1556630625.927,36.23
1556631206.076,35.61
1556631786.032,35.82
1556632365.771,35.33
1556632945.911,35.14
1556633525.537,34.68
1556634105.37,34.75
1556634685.439,34.17
1556635265.526,34.01
1556635844.886,33.73
1556636424.75,33.42
1556637004.739,33.65
1556637584.669,33.35
1556638164.798,33.28
1556638744.735,32.88
1556639324.88,32.67
1556639905.064,32.99
